{"opt":"sgd","task":"classification","clip_grad":0.0,"bsz":16,"no_cuda":false,"test_errors":[3.7986442089,1.2590611398,1.1899322689,0.9712430298,1.2780412674,1.2320002139,0.9324023306,0.8580286324,0.9070246935,0.9911361694,0.9309993148,0.9353558242,0.8652474821,0.8652924836,0.9471914172,1.0393528998,0.9036183894,0.891124928,0.823210758,0.7932537436,0.9160900712,0.8929647028,0.845424974,0.8517228007,0.8736215234,0.8743019164,0.8711816013,0.892638427,0.8426041365,0.8993149102,0.8349886298,0.8184431553,0.8376811445,0.7877767265,0.8144467652,0.7992467403,0.8424392879,0.8105402291,0.8254673779,0.8283943653,0.8451362967,0.8451714337,0.840126431,0.8939809561,0.8600491047,0.8423022211,0.9185600519,0.8097313464,0.8085341513,0.8440916061,0.8086593449,0.8455269039,0.8484119892,0.8563329577,0.9226541042,0.8322598636,0.8490902483,0.7880678892,0.8279260397,0.8649207115,0.871441555,0.8530336797,0.9013759613,0.9158477545,0.9375859022,0.9651223898,0.8944526792,0.9316924572,0.9076977372,0.9143265605,0.9676037192,0.9261500359,0.9080991387,0.8753334284,0.9186245203,0.8996576786,0.9051438332,0.9441470385,1.0228426337,0.9116331697],"epochs":80,"lr":0.01,"result":0.9116331697,"train_errors":[1.6558316102,1.099355108,0.9661292427,0.9815718645,0.9903029225,0.9489347502,0.9865177522,0.9100152907,0.9197783811,0.9444394424,0.8985076256,0.8771973231,0.8806411787,0.8932599716,0.9075728499,0.8472114021,0.8624226203,0.8727464619,0.858685216,0.8559029528,0.8634755611,0.8914766659,0.8792558405,0.8412524575,0.8477368468,0.8536301865,0.8609309189,0.8550070517,0.8282037285,0.8270902825,0.8087703586,0.7763865448,0.7595246555,0.7690851539,0.7677561832,0.7475495693,0.7403404408,0.7556119987,0.7642079705,0.7482016122,0.742399347,0.7504392976,0.7367452468,0.7322781214,0.7358023368,0.7088373538,0.7201785906,0.7341696059,0.749435356,0.728828069,0.7236155293,0.7133843225,0.7147332962,0.6956767454,0.71488457,0.7007339845,0.7130759656,0.7267499807,0.7021988197,0.7028864991,0.6794718426,0.6667149769,0.6830754152,0.6716374485,0.6684749439,0.6700710704,0.6615206954,0.6811236278,0.692591372,0.6647977744,0.6732155461,0.6702073926,0.6685053011,0.6707796135,0.6424321369,0.661871539,0.6739940672,0.6819004225,0.6849269824,0.6570719346],"save":"224baseline_decayed","lr_decay":30,"momentum":0.9,"cuda":true}