{"opt":"sgd","task":"classification","clip_grad":0.0,"bsz":16,"no_cuda":false,"test_errors":[1.4368458092,1.6961274147,1.128548789,4.4473671913,1.9042499423,1.1231733799,1.3553080201,2.2291927695,2.6475498378,2.7835613191,3.9801093638,4.0455423474,2.1202536702,1.9668263912,2.4173841715,1.0047790647,1.7098819911,1.714342469,1.1109098673,1.0352635801,1.5527041197,1.6065725923,1.165610671,1.0752836347,3.2560626328,1.4505697787,1.1194675803,1.6377630472,1.1207437932,1.4368697882,1.0337186575,1.1909536302,1.2618241251,1.1318003356,21.5761644065,1.6494311512,2.0334094644,4.7888441741,2.3940830588,8.0323446095,5.9434971929,2.7068568528,1.0674780309,1.868395251,1.3564690828,1.8402013242,1.3221657813,6.5492105901,2.1132891238,1.1799385369,1.6519040883,0.948668927,1.1761953473,1.6955165625,0.9646314859,1.796380347,1.7354823709,1.5118737638,1.5537657201,1.2382134259,2.3283420682,1.2653389752,0.9078109562,1.1746290922,1.5022467613,3.2951578319,4.3703112483,4.456221199,2.0766742766,2.6232794166,2.3278143048,2.3154715657,1.5708118379,4.3715338409,1.3753402293,1.4287590444,1.4909937024,6.694001019,2.8147801876,6.1427439332,0.8808415234,0.8991335034,3.0024676323,1.0557681561,1.1165711045,1.428290689,1.8322267473,5.9826404035,5.6226680875,1.4992346585,1.6861661434,2.1799913645,3.5950602293,5.2214162529,6.2378751218,1.2567557871,2.9129175663,1.5888058424,1.4657714367,4.3521888077],"epochs":100,"lr":0.01,"result":4.3521888077,"train_errors":[2.3253542227,1.1835573394,1.1127399596,1.1285320776,1.0407005336,1.0234501113,0.9896294283,0.9939524893,1.0211714265,1.0524245486,0.9728660427,0.9862150607,1.0076124718,0.9580083376,0.9185496476,0.9430737495,0.918711939,0.9382927311,0.9269093261,0.9412903715,0.9464665438,0.9111985394,0.9203867707,0.9251652942,0.903367596,0.9067143777,0.9089972164,0.9306579431,0.9238682893,0.8877619732,0.905998858,0.9037158482,0.8718688836,0.9189387397,0.8792892176,0.8870207469,0.8954014643,0.8640788247,0.8713711529,0.8781524542,0.8832938004,0.8657266171,0.9011422729,0.8827815198,0.8590898038,0.8637052512,0.8548024297,0.8435298765,0.8696548605,0.9011391813,0.8791472585,0.8489508373,0.8302412764,0.8505659671,0.8280494979,0.8406767909,0.8710702743,0.8468052397,0.8154038829,0.8382558,0.8131147353,0.8229525373,0.8559130452,0.8254100035,0.8232944828,0.8263416929,0.8223096515,0.8433292494,0.8522386423,0.8232412622,0.8234339087,0.8310689209,0.8581129532,0.8250914457,0.8073757504,0.8234873173,0.8093911211,0.8041749689,0.8205755168,0.7999715897,0.7986599356,0.7908811967,0.7836142963,0.7921597149,0.7858327031,0.8048878071,0.8055338753,0.7999721028,0.7827089578,0.7678230909,0.7623542916,0.7613228155,0.7835509224,0.7819711687,0.7641067994,0.7900277972,0.798732517,0.7795794372,0.7848679161,0.7985196873],"save":"224baseline_resnet50","lr_decay":100,"momentum":0.9,"cuda":true}