{"opt":"sgd","task":"classification","clip_grad":0.0,"bsz":16,"no_cuda":false,"test_errors":[1.3199112177,1.1547001362,1.145814091,0.9749453008,1.1156856477,1.0085735857,0.9228625596,0.9019295156,0.9811414301,1.0355569959,0.9641955674,0.9433818758,0.8562704325,0.9020911813,1.1775199711,1.075876385,0.9442427635,0.8617367089,0.8942889035,0.8727869272,1.0827989936,0.892600894,0.9529817224,0.8883831143,0.8693692923,0.954548502,0.93122949,0.9203589022,0.835666883,1.3552118599,0.8838225603,0.9344357014,0.8838717759,1.1751035571,0.8408754587,0.9541987598,1.0078424275,0.8666664541,0.8521036327,0.9764276564,0.9695989966,0.8386165261,0.9426708102,0.8749754667,0.8622624099,0.8366459489,1.0400585294,0.8397866368,0.834295398,0.8453819513,0.8733194649,0.8027519166,0.8818771303,0.9056312621,0.9026787102,0.8372226477,0.8353486717,0.9078006446,0.8039514482,0.8354007542,0.8833655,0.85210464,0.8933356702,0.8970117688,0.8740628481,0.826519841,0.8563123226,0.9338705897,0.8203531802,0.8113796234,0.8982577085,0.9115446389,0.8601978421,0.8921462953,0.8107076287,0.8283906341,0.9887586653,0.9300856948,0.9132620335,0.7948848605],"epochs":80,"lr":0.01,"result":0.7948848605,"train_errors":[1.560053147,1.0646531483,0.9778816892,0.9883975805,1.0042760273,0.9528738388,0.9949398545,0.9305069227,0.9422247885,0.939463091,0.9193690497,0.9003761666,0.8968020968,0.9217187542,0.9207706466,0.8791730404,0.89762382,0.8979448506,0.877976651,0.8875932168,0.8969939273,0.9051233048,0.9241494905,0.883310682,0.8978678158,0.8906763302,0.8819988796,0.9044172111,0.8835167324,0.8602213604,0.8868971219,0.872781601,0.8857078822,0.8509417978,0.8741810861,0.8543787443,0.8810706295,0.8622968154,0.8340930783,0.8625002049,0.8470423775,0.842781262,0.8667403353,0.8666458414,0.8351341323,0.8104130434,0.8421449377,0.8413467315,0.8463917219,0.8087404683,0.8415016638,0.8405118847,0.8041303711,0.8287004857,0.8137339425,0.8029338058,0.8222888559,0.8084434164,0.8251356915,0.798603551,0.8013719356,0.7948467377,0.8135120535,0.798249205,0.7893026684,0.8081256286,0.7848333347,0.7902838545,0.790749017,0.8008209453,0.7750169543,0.7710781324,0.7734307782,0.7795051471,0.762659158,0.7723465136,0.7697848883,0.8019730676,0.7922565618,0.7717414364],"save":"224baseline","lr_decay":100,"momentum":0.9,"cuda":true}