{"opt":"sgd","task":"classification","clip_grad":0.0,"bsz":16,"no_cuda":false,"test_errors":[[1.3647212863,0.0],[1.0229400635,0.0],[1.1298952401,0.0],[0.987064743,0.0],[1.0944675922,0.0],[1.0775931239,0.0],[1.0335609913,0.0],[0.898502326,0.0],[0.9590456724,0.0],[0.925025475,0.0],[0.9416119635,0.0],[0.9208640575,0.0],[0.8696105361,0.0],[0.9091958582,0.0],[1.1011302769,0.0],[1.2444628477,0.0],[0.9941518366,0.0],[0.8820051074,0.0],[0.8795082033,0.0],[0.9030505359,0.0],[0.8998780191,0.0],[0.8925490618,0.0],[0.9196948051,0.0],[0.9158701301,0.0],[0.9199058533,0.0],[1.0510765851,0.0],[0.9859246969,0.0],[0.9689118862,0.0],[0.9939315379,0.0],[1.1124707818,0.0],[1.2156953752,0.0],[1.1877797663,0.0],[1.3679802597,0.0],[1.1018065155,0.0],[1.3116593003,0.0],[1.414200443,0.0],[1.3835815966,0.0],[1.4271487236,0.0],[1.1870440602,0.0],[1.8772890151,0.0],[1.5543059945,0.0],[1.6373598874,0.0],[1.7234549999,0.0],[1.5220671713,0.0],[1.8362257361,0.0],[1.6772649169,0.0],[1.5320868731,0.0],[2.0764362514,0.0],[2.2871526241,0.0],[1.851204741,0.0],[1.651961869,0.0],[1.5628489733,0.0],[1.9826422811,0.0],[1.869219768,0.0],[1.9479579508,0.0],[2.1249866009,0.0],[2.2451027989,0.0],[2.279844892,0.0],[2.0438564181,0.0],[2.3217160463,0.0],[2.3178601265,0.0],[2.3800751686,0.0],[2.0597028315,0.0],[2.2959236801,0.0],[2.2253401875,0.0],[2.6522708416,0.0],[2.9519072056,0.0],[2.8267706752,0.0],[2.3020950079,0.0],[2.330947423,0.0],[2.0951544166,0.0],[2.5331911564,0.0],[1.9985997081,0.0],[2.5595862746,0.0],[3.1749628544,0.0],[1.7841727257,0.0],[2.1818100691,0.0],[2.5258777142,0.0],[2.0858855188,0.0],[2.3521107435,0.0]],"epochs":80,"lr":0.01,"result":[2.3521107435,0.0],"train_errors":[1.6756964127,1.1932698148,0.9911591027,0.9971812325,0.9931114529,0.9668183121,0.9781312056,0.9085487766,0.9274641275,0.9322396907,0.8961430831,0.8668684186,0.8515997529,0.8695425462,0.8760552513,0.8156353115,0.8277887865,0.8401888801,0.7921001656,0.8139050958,0.8037876246,0.784536129,0.746905991,0.7172720957,0.7450165259,0.6964360412,0.6998917184,0.70765692,0.6850423905,0.7402607813,0.6397094067,0.6073927759,0.6688950807,0.5881654485,0.5830865552,0.4903259987,0.4922082275,0.5029534485,0.4290333128,0.437418722,0.3859213924,0.4118851792,0.4156349159,0.4104611412,0.4073926154,0.258948209,0.365019342,0.2950513838,0.2667610305,0.2315154778,0.2120513419,0.3728595213,0.1382014936,0.1992928833,0.211265344,0.2684256058,0.1744521587,0.1812751861,0.1789136706,0.1804555718,0.2258078584,0.1598022559,0.1920461811,0.1551664897,0.1124754924,0.121519413,0.0773931564,0.1278411051,0.1976079458,0.1018843878,0.179892706,0.1267587578,0.0995949351,0.0489857949,0.0483791977,0.4420502633,0.1441867586,0.1211516935,0.1699561888,0.1004223653],"save":"224baseline","lr_decay":100,"momentum":0.9,"cuda":true}