{"result": 1.3337535168975592, "train_errors": [3.8235338259768743, 1.2126100614506712, 1.0930365817521208, 1.145081530335129, 1.0861263845556526, 1.035941230994399, 1.054046510368265, 1.0224922081475616, 1.0368132930929943, 1.0197693224876159, 1.0244177932380347, 1.004724947996037, 1.0114679214774922, 0.9701110470679498, 1.0050268147581367, 0.9982467184784591, 0.9974199360416781, 0.9742259351156091, 0.970014549070789, 0.9739354893725406, 0.985687695523744, 0.9894929823055062, 0.9654126718480099, 0.9845528077053768, 0.9729013039219764, 0.9813567887070358, 0.9485155850328425, 0.9529766331436813, 0.9531668559197457, 0.9511104514521938, 0.9522673981164091, 0.9446831364785472, 0.9487178562789835, 0.9508533823874689, 0.9453171530077534, 0.9363162831593586, 0.9444491158249557, 0.9650605974658844, 0.9399655736902709, 0.9389397566036511, 0.9207557555167906, 0.9247463563437103, 0.9066387991751393, 0.9116234343539003, 0.9049674746810749, 0.9153472729908523, 0.9014340671159888, 0.8973440265142789, 0.9066491466696545, 0.8914962930064048, 0.8928461491420705, 0.9064834662663039, 0.8951024240063082, 0.8974109292030334, 0.895701664750294, 0.9038812280983053, 0.8954158284330881, 0.8986197793355553, 0.884683661563422, 0.8892639760048159, 0.8892394791367233, 0.8841426622483038, 0.8900630012635262, 0.8954492974024947, 0.8877133778346482, 0.8811445877116214, 0.8853629327589466, 0.8831357315022458, 0.8930649526657597, 0.8873360458240714, 0.8934176166852316, 0.8966390971214541, 0.8829246150550022, 0.8885247194638817, 0.8709092620880373, 0.8868911074053857, 0.8861858370483563, 0.8864448935754837, 0.8835327625274658, 0.8867850342104512, 0.8870097962758874, 0.872802516465546, 0.8789400842881971, 0.8896557951486239, 0.8695726048561835, 0.8759759491489779, 0.8774281573551957, 0.8818341833288952, 0.8797629821685052, 0.879376115978405, 0.8693213097510799, 0.8731704796514204, 0.889982989398382, 0.8716754938966484, 0.8818903180860704, 0.8760367349911762, 0.867600526220055, 0.878762689969873, 0.8890644190131977, 0.8821261557199622, 0.8749940126172958, 0.8688485436542059, 0.8677654067675272, 0.8705462159649018, 0.8566809988790943, 0.8632685131924127, 0.8657213193114086, 0.8696331567661737, 0.8775194620573392, 0.8678139082847103, 0.8674266543439639, 0.8808404540502897, 0.8858172662796513, 0.8657671411832174, 0.8519410042352574, 0.8734135198336775, 0.8682299352461292, 0.8760058373533269, 0.8798423230007131, 0.8606977872951056, 0.8666745558861764, 0.8644860732939935, 0.8739337293050622, 0.8657611525186928, 0.8826122360844766, 0.8761275750334545, 0.8671663877784564, 0.8676581978797913, 0.8710914843825883, 0.8685176193073232, 0.8624942405249483, 0.8723982354646088, 0.8638641263848992, 0.8666356975032438, 0.8794346163349767, 0.8638935531339338, 0.868965773172276, 0.8597526210610584, 0.8656446235154265, 0.8716735903934766, 0.8778293837783158, 0.8608033682710381, 0.8675614287776332, 0.8569401592336675, 0.8815507549111561, 0.8677094078833057, 0.8717595627230983, 0.8759784185758202, 0.8758247443424758, 0.8710873658939075, 0.875867336667994, 0.8834986488024393, 0.8595001396312508, 0.8716028621119838, 0.8708628710880074, 0.8769405490608626, 0.8715606081870294, 0.8682560619487557, 0.8717713323972558, 0.8735172312746766, 0.8617772626620467, 0.8827119181233067, 0.8634045598327472, 0.8822469756167423, 0.8650731931450546, 0.8590589761734009, 0.8696578484709545, 0.8765738580816536, 0.8679430933408839, 0.8638136681690011, 0.8777440626134154, 0.8708022755961264, 0.8639450624424924, 0.8676424327717033, 0.8585420994348424, 0.8629433416551159, 0.8711471781935743, 0.8865608117913687, 0.8625023845703371, 0.8694715487059727, 0.8737438801796206, 0.8715778012429515, 0.8727191923767008, 0.8632819319284091, 0.8693836953050347, 0.8703950137220403, 0.8600617121624691, 0.8849679654644381, 0.8691632183649207, 0.8706782062848409, 0.8630942202383473, 0.8661697147994913, 0.8774545590082804, 0.8684810771737047, 0.8839115993950957, 0.8767748263574415, 0.871054062920232, 0.8735486807361725, 0.8690368225497584, 0.8792865821110305], "test_errors": [15.530135735869408, 1.4308846704661846, 1.0546081233769655, 1.784081056714058, 1.244227284565568, 1.0069638509303331, 2.0058521404862404, 1.1435941699892282, 1.1684620585292578, 1.68584556132555, 3.024338375777006, 3.9369059205055237, 1.4026787914335728, 1.8211655654013157, 0.9973393082618713, 1.8270063996315002, 1.0883078444749117, 1.4396423920989037, 3.000335518270731, 1.163111476227641, 1.6259435843676329, 1.4874121807515621, 1.0169840678572655, 1.4132914915680885, 2.091124167665839, 1.0935524832457304, 3.5845245830714703, 1.61113266274333, 3.324901955202222, 1.6897599697113037, 1.0716135166585445, 2.0115316305309534, 1.7174463588744402, 2.2149426080286503, 5.137395679950714, 1.4395215660333633, 2.397090896964073, 1.2330891471356153, 1.2593624237924814, 1.119648965075612, 1.387748345732689, 1.064787706360221, 1.0231308061629534, 1.2246439587324858, 1.039872558787465, 1.0989351980388165, 1.4217801578342915, 1.2702063582837582, 1.0194824021309614, 1.2388805951923132, 2.4223316330462694, 1.2297107726335526, 1.186258440837264, 1.2536242976784706, 1.0573424603790045, 1.033896617591381, 1.1520069688558578, 1.0763039197772741, 1.0606684274971485, 1.7179311476647854, 1.4941876139491796, 1.3327572848647833, 1.0246056485921144, 1.0651608891785145, 1.2787730135023594, 1.387416496872902, 1.0209867134690285, 1.145669836550951, 1.3247629385441542, 1.0057727843523026, 1.1313440408557653, 1.0950106233358383, 1.3883135132491589, 1.1420022174715996, 1.1066794265061617, 1.3668804876506329, 1.478225201368332, 1.4386576358228922, 1.5953178349882364, 1.1966755874454975, 2.700142540037632, 1.2791640311479568, 1.1758838538080454, 1.5975444298237562, 1.3878521490842104, 1.6819452662020922, 1.7653954438865185, 2.3165589589625597, 1.1635981425642967, 1.8516554534435272, 1.4427755884826183, 1.3926608767360449, 1.4407816715538502, 1.2428123522549868, 1.1716422736644745, 1.5613585487008095, 1.747647413983941, 1.7910258639603853, 1.7074800692498684, 2.0995672047138214, 1.5123400632292032, 2.005122473463416, 1.743876874446869, 2.251061210408807, 1.6628359947353601, 1.3953616321086884, 2.227949371561408, 1.9348588716238737, 1.2255149632692337, 1.2848055809736252, 1.2584198340773582, 2.2550578229129314, 1.365268750116229, 1.5100722964853048, 1.552247405052185, 1.8393953666090965, 2.06957626901567, 1.9155805241316557, 1.2538855131715536, 1.5682321898639202, 1.5450676456093788, 1.6866052206605673, 1.2540178187191486, 2.0443632416427135, 1.7347889468073845, 1.4141561277210712, 2.0186672247946262, 1.6662061903625727, 1.5445574820041656, 1.3205035291612148, 1.2885070834308863, 1.4272644873708487, 1.6181525569409132, 1.192904269322753, 2.0869140177965164, 1.3148326389491558, 1.6004248447716236, 1.7727290075272322, 2.046129785478115, 1.509322116151452, 1.7946652602404356, 1.7408876679837704, 2.3026139326393604, 1.4248813651502132, 1.6896326933056116, 2.094748731702566, 1.356470799073577, 1.3552036173641682, 1.4756370224058628, 1.224858034402132, 1.776508692651987, 1.8251530174165964, 1.617712613195181, 1.4493775647133589, 1.9623684473335743, 1.781462786719203, 1.3522074706852436, 2.0633249916136265, 3.094198826700449, 2.6131728142499924, 1.716193187981844, 1.6538564767688513, 1.3174713794142008, 1.6479688845574856, 1.6536317057907581, 2.6388102285563946, 1.582462452352047, 1.302090173587203, 1.8095275573432446, 1.5820763632655144, 1.3677955605089664, 2.1608376428484917, 1.9650075007230043, 1.8606948293745518, 1.5087033733725548, 2.1397852413356304, 1.499222218990326, 1.7931748311966658, 1.6341332495212555, 1.6256935447454453, 2.425352355465293, 2.382064927369356, 2.471232045441866, 1.1099326238036156, 1.3819061368703842, 1.5951474234461784, 2.051754781976342, 1.486974697560072, 1.8972645327448845, 1.4610078372061253, 1.8452674485743046, 1.7736795209348202, 1.5480118673294783, 2.0075912643224, 2.1512695848941803, 2.0400617085397243, 1.3956222347915173, 1.2595401965081692, 1.3726811036467552, 1.3337535168975592],