{"result": 0.8763181548565626, "train_errors": [1.714092262970504, 1.141927792179969, 1.0991248872972303, 1.0367185473442078, 1.0306927574578153, 1.0304455090594549, 0.9802505232954538, 0.9748823892685675, 0.962897260983785, 0.9368839981735394, 0.9590246529989345, 0.9457348764583628, 0.9695852796236674, 0.9278000356048666, 0.908921343024059], "test_errors": [1.4961791541427374, 1.076886847615242, 0.9795763492584229, 1.0080304183065891, 1.7149029336869717, 1.1208320744335651, 0.933446915820241, 0.962765758857131, 0.8904922939836979, 0.8979327958077192, 0.9013912286609411, 0.9510919135063887, 0.8839858938008547, 0.9888178668916225, 0.8763181548565626], "task": "classification", "opt": "sgd", "bsz": 16, "epochs": 15, "lr": 0.01, "momentum": 0.9, "lr_decay": 15, "clip_grad": 0.0, "no_cuda": false, "save": "224baseline_resnet34", "weights": "classification_224baseline.pth.tar", "cuda": true}