{"result": 1.0558279640972614, "train_errors": [1.7607913965819983, 1.107107029807183, 1.077752988184652, 1.0858669697597463, 1.036836184481139, 1.0144500572194335, 0.9895009058778004, 0.9907648544157704, 0.9805025349381149, 0.9821554121150765, 0.9917039390533201, 0.9717841097103652, 1.0086241768252464, 0.9590779517286567, 0.937842228720265, 0.8988711962135889, 0.885514368934016, 0.892383808730751, 0.8724080798446491, 0.8785020741083289, 0.8741662797107491, 0.8776696465348685, 0.8694629259006952, 0.8703246834457562, 0.8596646490917411, 0.8606412987555226, 0.866523297884131, 0.8595311443010966, 0.8629844361735929, 0.8539649850578719, 0.8569926010665073, 0.8495677908261617, 0.8383107941637757, 0.8444463802922156, 0.8371698042397858, 0.8517170375393283, 0.8433571951363676, 0.8466281089731442, 0.8482498430436657, 0.8409075762635918, 0.8445215468765587, 0.8306820322108525, 0.8329754388460548, 0.8329630173662658, 0.8405482506239286, 0.8396749945097072, 0.8396808684513133, 0.8291925749471111, 0.8198530199707196, 0.8332105663514906, 0.834243139272095], "test_errors": [1.229696948081255, 1.1173269804567099, 1.007890971377492, 1.0296282190829515, 1.0231569912284613, 1.0506892334669828, 0.9509059358388186, 1.0173776168376207, 0.9595205709338188, 1.2577740270644426, 1.1997749079018831, 1.8444343395531178, 0.967124305665493, 1.0551226865500212, 0.8948752153664827, 0.896000100299716, 1.0329169351607561, 0.9221985973417759, 0.9268137793987989, 0.9337599575519562, 1.0090997852385044, 0.9798466507345438, 0.9970774725079536, 0.8980394192039967, 0.9017438106238842, 0.9133351016789675, 0.897737355902791, 0.9276468120515347, 0.9441183302551508, 0.9022540226578712, 0.9458709303289652, 0.9634725954383612, 1.004207756370306, 0.8832272719591856, 0.9398630205541849, 0.9769328888505697, 0.9441755712032318, 0.9210512824356556, 0.9252510461956263, 0.9464765526354313, 1.015316354110837, 0.9346373565495014, 0.9012357071042061, 0.9359789025038481, 0.8809632379561663, 0.9108755644410849, 0.9473241977393627, 0.943249873816967, 0.9280427545309067, 0.9141025245189667, 1.0558279640972614], "task": "classification", "opt": "sgd", "bsz": 16, "epochs": 51, "lr": 0.01, "momentum": 0.9, "lr_decay": 15, "clip_grad": 0.0, "no_cuda": false, "save": "224baseline_alexnet", "weights": "classification_224baseline.pth.tar", "cuda": true}