{"result": 0.8426991049200296, "train_errors": [1.5755033146950506, 1.0590000447406565, 1.0262342960603776, 1.039034668476351, 1.017356716176515, 1.0267696374206132, 1.0050905276370306, 1.009954846033486, 0.9782974655910205, 0.9853563712489221, 1.0162554902415122, 0.9887644315278659, 1.0131244537650899, 0.9858230006310248, 0.9789134565220085, 0.9829606119022575, 0.9607169544824989, 0.9775995099416344, 1.0009711641137318, 0.9499120821235001, 0.9668581607521222, 0.9707440041726635, 0.9639295679266735, 0.9883422454198202, 0.9523656579755968, 0.9555545436438694, 0.9570876250984848, 0.9543891728565257, 0.9785466354380372, 0.9328583043108705, 0.9765587731074261, 0.9451228559658091, 0.9464905973403684, 0.9335120269047317, 0.9321576222296684, 0.9419946734623242, 0.9318163747428566, 0.9379573316984279, 0.9197230467232325, 0.9326171830136288, 0.8830874966036889, 0.8710542423750764, 0.8631719184178178, 0.875002045144317, 0.8540718805405402, 0.8724837501843771, 0.8649083978386336, 0.8566317455742949, 0.8626068548489643, 0.8770787113456315, 0.8791140433280699, 0.8716745177904764, 0.8724285184696157, 0.8754401726107444, 0.8613780660013999, 0.8717124333945654, 0.8534093928593461, 0.8640033910351415, 0.8557594136525226, 0.8546368492546902, 0.8761431196684478, 0.8569262694287044, 0.8561055173156082, 0.8710809721741625, 0.8552113604801957, 0.8718532535337633, 0.8682971141671622, 0.8587762944159969, 0.8561339923130569, 0.8553827385748586, 0.8449235314963967, 0.8574569725221203, 0.8621234470798124, 0.8613173705275341, 0.8560943077969295, 0.8650526244153258, 0.8451159660534192, 0.8547538897042634, 0.8574403415444076, 0.8509086299968022, 0.860182676904945, 0.8387000368487451, 0.845474612328314, 0.8510213096936544, 0.848390535641742, 0.8441250343476573, 0.8464626874974979, 0.8569282735547712, 0.8366877616092723, 0.8466973676476427, 0.8475290088243382, 0.8501898332308697, 0.8488818535240747, 0.8400545882922347, 0.8528477068870298, 0.8550391748387326, 0.8593477356818414, 0.8622904945445317, 0.8541540747047752, 0.854166660257565, 0.853613043344149, 0.840858651745704, 0.8404729135574833, 0.8416602816632999, 0.8550745953795731, 0.8472104091798106, 0.8500267126226938, 0.8625320849880096, 0.8442692602834394, 0.8533845973271196, 0.8584173238405617, 0.837317657086157, 0.8427681108956696, 0.8335546633248688, 0.8456268425910703, 0.849573596831291, 0.8542524608232642, 0.8486387402780594, 0.8456425128444549, 0.8441412070746063, 0.8577437176499315, 0.8409559861306222, 0.8382123625406654, 0.8371633272017202, 0.8579149118033789, 0.8396880274177879, 0.846937580134279, 0.8434925406209884, 0.8313683925136444, 0.8390637020910939, 0.8508219661251191, 0.8404330713774568, 0.8393005645403298, 0.8453514229866766, 0.85655657129903, 0.8457474420147557, 0.8537895019336413, 0.8423045226322707, 0.8485908040436365, 0.8447114248429576, 0.8482552645026996, 0.8563450254419799, 0.8521815012860042, 0.8364762253658746, 0.8477996010934153, 0.8554653961171386, 0.8524075176126213, 0.8450109208783796, 0.8435000899017498, 0.8448818332405501, 0.8528973152560573, 0.8320867816607157, 0.8461937090402009, 0.8346198181952199, 0.8334702849388123, 0.8460777100696358, 0.848602496808575, 0.8463120563055879, 0.8330806455304546, 0.8405401822059385, 0.8543501483496799, 0.8443798179267555, 0.8346658964310923, 0.8508872280838669, 0.8370116635035443, 0.8515637734884857, 0.8451711420089968, 0.8416221507133976, 0.8538591355405828, 0.837828533303353, 0.841828445593516, 0.8480271536816832, 0.8347197091707619, 0.8339565896218822, 0.8408887238912685, 0.8497068958897744, 0.8325988297821373, 0.8581615231370413, 0.8509708117413265, 0.8361685077349345, 0.8517705554603249, 0.8611273630972831, 0.8374297715002491, 0.8413923350713586, 0.8366655957314276, 0.8432178856224142, 0.8473077256192443, 0.8419342258925079, 0.8232888387095544, 0.8459258867848304, 0.8496037875452349, 0.8561841742966765, 0.8334141392861644, 0.8463413042406882, 0.852545589529058, 0.8393089271360828, 0.8422142331318189, 0.8370837011644917, 0.8377322516133708, 0.8463608084186431],