{"result": 1.1019525192677975, "train_errors": [1.6688147642279183, 1.139287482666713, 1.1240254377806058, 1.063091375494516, 1.0348433102330854, 1.0690021136755585, 0.9963075159698405, 1.0150013828790316, 0.9701544706539441, 0.982304375017843, 1.0084715011299297, 0.9800210780994867, 1.0250974393660022, 0.9922848677122464, 0.971582471042551, 0.9740747918364823, 0.9452156302749469, 0.9692746266241996, 0.9905673220593442, 0.9720733281104795, 0.9457985521644674, 0.9500665997946134, 0.9553829252078969, 0.9436057184332161, 0.9254307202113572, 0.9323240717252096, 0.9528393149375916, 0.9375262747528732, 0.9481226744190339, 0.925494062003269, 0.9646926368436506, 0.9369868674585896, 0.9241212901248727, 0.9189954778199555, 0.9397342640866515, 0.9385640339184833, 0.9374182019182431, 0.91058357684843, 0.9341839942880856, 0.9088989233457914, 0.8829555684520353, 0.8736268775437468, 0.8747548005914175, 0.8548211583527185, 0.8455203912591421, 0.8701086172493555, 0.8639747737556376, 0.8633820106906276, 0.856283833903651, 0.8538571948646217, 0.8687111748162136, 0.8511226978353275, 0.882542706945891, 0.8599135689837958, 0.8579980179827701, 0.8537961289446842, 0.8478184855112465, 0.8509106578365448, 0.8623323754597736, 0.8600417753701569, 0.8535512384547982, 0.8607561934378839, 0.8551424972472652, 0.8557455398703134, 0.8324984222330073, 0.8607141945951728, 0.8613174314139992, 0.8433928790912834, 0.8551388959730825, 0.8511386097118419, 0.8543663435084845, 0.8370842626017909, 0.8319176896925895, 0.837770789541224, 0.843468234103213, 0.8590463604978336, 0.8478525556543822, 0.8452905692080016, 0.8372211078161834, 0.8357683029226077, 0.8419073698341205, 0.8289362986882528, 0.8249623198663035, 0.8350197083206587, 0.837917709863314, 0.8201414699195534, 0.8393144114043123, 0.8443681200345358, 0.8175267609216834, 0.8221844473192769, 0.8287842741576574, 0.8341118885624793, 0.8158327860216941, 0.8375784530434557, 0.8249597094392264, 0.8299571218029145, 0.8347074222821061, 0.8189426910492682, 0.8350897251918752, 0.8369760147986873, 0.8314348779698854, 0.8349593826519546, 0.8339632191965657, 0.8262844752239925, 0.8243374907842247, 0.8268212448525173, 0.8265597480599598, 0.8202359932725147, 0.8258477936508835, 0.8345741796237166, 0.8347463812879337, 0.828140184443484, 0.831513423432586, 0.8210092302291624, 0.8282553431808307, 0.8348646830486995, 0.8347055066016412, 0.8287814849166459, 0.8349602209624424, 0.8210704621448311, 0.8412036049750543, 0.8185720027133983, 0.8294813408646532, 0.839311033807775, 0.820729649195107, 0.8241727025278153, 0.8345212865901249, 0.8269513698034389, 0.8212536413182494, 0.8274276506516242, 0.8373090387672506, 0.8244117286897474, 0.8215730049276865, 0.8274455910087913, 0.8261179866329316, 0.820423468466728, 0.834776557260944, 0.8303815985238681, 0.8201620405720126, 0.8231352625354644, 0.8261150435734821, 0.8176685174306234, 0.8383178883983243, 0.8402429498651977, 0.8384337338709063, 0.8368690097203819, 0.8303569568100796, 0.8208096200420011, 0.8297508685819565, 0.8342689064241224, 0.8156150335906655, 0.8308591964424298, 0.8265276076973126, 0.8164446629503722, 0.8195141867924762, 0.8298621901901819, 0.8131759679445656, 0.8151887950076852, 0.8329613689453371, 0.8424479910122451, 0.8358445712315139, 0.8365505158260305, 0.8329665910813117, 0.8290134867032369, 0.8365164450419846, 0.8267254444860643, 0.8225628349088854, 0.8270816713251093, 0.8432280575075457, 0.8301411748573344, 0.8251500841109983, 0.8161401229519998, 0.8254896094722133, 0.8371979440412214, 0.8325899442036947, 0.8200136230837914, 0.8192348493042813, 0.8408853142492233, 0.8348336104423769, 0.8281169053046934, 0.8434555915094191, 0.8250347190005805, 0.8186278625201153, 0.8243119037279518, 0.8402262432600862, 0.8367842698609957, 0.8233788955596185, 0.8315669182808169, 0.8132420252728206, 0.8207079800226356, 0.8260068124340426, 0.8300726804682004, 0.8175139933504084, 0.8203704844238937, 0.8360215918992155, 0.8355890102283929, 0.8171275591337552, 0.8293537555202362, 0.8236952090776095, 0.8236605794199051], "test_errors": [1.2025947459042072, 1.0488182790577412, 1.0571750719100237, 1.1622053198516369, 1.6186787877231836, 0.9545663893222809, 0.9035224877297878, 1.0572799537330866, 0.9252819772809744, 0.918618705123663, 0.9136580005288124, 1.0322430226951838, 0.9440319649875164, 0.947331415489316, 0.9535308536142111, 0.9068678077310324, 0.8826063964515924, 0.9006406292319298, 0.9326215405017138, 1.015122750774026, 0.8862381242215633, 1.1150751784443855, 0.8952355477958918, 0.8834940921515226, 0.9419049564749002, 0.9268044959753752, 1.2379059009253979, 1.102348942309618, 0.9103481825441122, 1.259269529953599, 0.9530720300972462, 1.0368194356560707, 0.90821448341012, 0.8970046080648899, 1.5165997575968504, 1.0109590999782085, 0.9750955905765295, 1.4402688536792994, 1.0159552562981844, 1.022727694362402, 0.9559719357639551, 1.07764614187181, 1.6198548041284084, 1.0758679006248713, 1.097262630239129, 0.9943590853363276, 1.5220036022365093, 1.3090383857488632, 1.0329401176422834, 1.0508459713310003, 1.2613853123039007, 1.1006524879485369, 1.5874567721039057, 1.4467545840889215, 1.1792989131063223, 1.8949572257697582, 1.2092602048069239, 0.9555256776511669, 1.0480308812111616, 1.0980732832103968, 1.0493671968579292, 1.1364941224455833, 1.1311792992055416, 1.136407244950533, 1.2156411800533533, 1.0341106355190277, 1.361070193350315, 1.1303210780024529, 1.2518011890351772, 1.0192497223615646, 1.128512766212225, 0.9327559433877468, 1.1732105482369661, 0.9970136359333992, 1.2099706139415503, 1.031134469434619, 1.6385144013911486, 1.08440513163805, 1.1643719971179962, 1.3217039834707975, 1.3615539856255054, 0.9946629609912634, 1.0268225092440844, 1.072396056726575, 1.8175395373255014, 1.0891238078474998, 1.0096307937055826, 0.9672573823481798, 1.0885980855673552, 1.3949601333588362, 1.2307246811687946, 0.9954560752958059, 0.9853005036711693, 1.1009614132344723, 1.3355227895081043, 0.955222837626934, 1.3367360327392817, 1.1699432786554098, 1.4614326916635036, 1.1910178139805794, 1.0943093802779913, 1.0820571444928646, 1.1229197308421135, 1.2527504172176123, 1.4433790668845177, 1.2200612779706717, 1.2223281897604465, 1.447324262931943, 0.9402950312942266, 1.3844473361968994, 1.1066431924700737, 1.0742978267371655, 1.016791108995676, 1.0934065822511911, 1.1631262972950935, 1.119458507746458, 1.2195468861609697, 1.400638721883297, 1.3095861356705427, 1.2585710287094116, 1.338012684136629, 1.247816413640976, 1.3267688322812319, 1.2198775801807642, 1.1665984466671944, 1.0400242824107409, 1.195048276335001, 1.1144587136805058, 1.0035645700991154, 1.1424930691719055, 1.2347752749919891, 1.3333836924284697, 1.854878082871437, 0.9818348027765751, 1.148104004561901, 1.1737723741680384, 1.235029712319374, 1.6704168617725372, 1.1460572183132172, 1.2061272021383047, 1.0453747902065516, 0.9936218876391649, 1.2583814077079296, 1.537194510921836, 1.2660437002778053, 1.1694498471915722, 1.4291826598346233, 0.9289909675717354, 1.2320553362369537, 1.3071156833320856, 1.30286287330091, 1.2764579206705093, 1.1554205808788538, 1.5790918339043856, 1.3850458916276693, 1.01802116073668, 1.120950572192669, 1.6399222947657108, 1.2082268949598074, 1.2750869058072567, 1.0653419494628906, 1.1364306136965752, 1.8545474279671907, 1.1440856084227562, 1.3031793422996998, 0.9133411217480898, 1.478253811597824, 1.3968264888972044, 1.433369193226099, 1.6737373042851686, 1.6899212319403887, 1.068780306726694, 1.2488503623753786, 1.11907047778368, 1.439225448295474, 1.4862907268106937, 1.1041461173444986, 1.6774432267993689, 1.4083861634135246, 1.5465478003025055, 1.3627401683479548, 1.017840264365077, 1.3396892007440329, 1.5742148496210575, 1.6452802270650864, 1.095988528802991, 1.1338272280991077, 1.1925887744873762, 1.5294357147067785, 1.1769441775977612, 1.2505556158721447, 1.2885711528360844, 1.708032714203, 1.4171146657317877, 0.9194677174091339, 1.2024609670042992, 1.349486956372857, 1.0290287770330906, 1.306009840220213, 1.1019525192677975],