{"result": 0.902130339294672, "train_errors": [1.7581127459003079, 1.130261625653954, 1.0579401767382057, 1.0969365937735445, 1.0487857883976353, 1.020191631650412, 1.0008425738221856, 0.9955900349924641, 1.007297566501043, 0.9753842020547518, 0.9937320748964945, 0.9972604045303919, 1.0152148918438983, 0.9825513106520458, 0.961265395405472, 0.9664427772645028, 0.9458388513134371, 0.962042486154905, 0.9776546602608055, 0.9567707879568941, 0.9599135883392826, 0.9646906448948768, 0.961088280523977, 0.9524349743320096, 0.9367380353712267, 0.929719332725771, 0.9558124311508671, 0.9431419660968166, 0.9384934306144714, 0.929139627564338, 0.9344132164473175, 0.9244393488412262, 0.92597193935866, 0.9358351089621103, 0.9119546336512412, 0.9238441727494681, 0.9317029733811656, 0.9248343879176725, 0.9300495527123892, 0.914708758554151, 0.8840869408781811, 0.8723325505051561, 0.873108446598053, 0.8636579930141408, 0.8686716582185479, 0.8677805585245932, 0.8736534259652579, 0.8560570382302807, 0.8605834771228092, 0.8753634319510512, 0.8643420280948761, 0.8702213802645283, 0.8612213564175432, 0.8471568252450676, 0.8488711336607574, 0.855169645560685, 0.8381287564513504, 0.848399063592316, 0.8517633394528461, 0.8509376696361008, 0.8683343702746976, 0.8419804938377873, 0.8426252943213268, 0.8634767013211404, 0.8487159885385985, 0.8534103984473854, 0.8407023715716536, 0.8246227688686822, 0.8472558785510319, 0.8511755543370401, 0.8413142863140312, 0.828139228205527, 0.8346064814957239, 0.8442555839015592, 0.8560096884286532, 0.846562292627109, 0.8531815698069911, 0.8374222465740737, 0.854628090576459, 0.840233346467377, 0.8407266428393703, 0.8358003740669578, 0.8369462861809679, 0.8217267541475194, 0.8276558749137386, 0.8262456424774662, 0.81527030211623, 0.8297893674142899, 0.8270307849812252, 0.8250782009093992, 0.8296461380938048, 0.832887368176573, 0.835565028652068, 0.8160764126367467, 0.8399024528841819, 0.8351054133907441, 0.8342962841833791, 0.8312755348861859, 0.8252057074218668, 0.8113177162344738, 0.8252069046420436, 0.8354690555603274, 0.8309781705179522, 0.8136680036462763, 0.827275167229355, 0.818548846308903, 0.8246529512507941, 0.8183535670721402, 0.8272490283494355, 0.8164995114008585, 0.8239004464559657, 0.8288074110143928, 0.81682224107045, 0.8183317915085824, 0.8148695403529752, 0.8210893196444358, 0.8215699458634982, 0.8326040211544242, 0.8116950629859843, 0.8197206335683023, 0.8325402294435809, 0.8280247283238237, 0.8109896144559307, 0.8112032003300165, 0.8297078564602841, 0.8108607915139967, 0.8106390019898774, 0.8196966391737743, 0.8212922619235131, 0.8277001028419823, 0.8247138069521996, 0.824207402044727, 0.8162794109954629, 0.8125240405400594, 0.8225911432696927, 0.8282843424427894, 0.8233522477970329, 0.8391797991209132, 0.8322107311218016, 0.8338875950023692, 0.8270813015199476, 0.8115131733238056, 0.8301381212408825, 0.8116068609299198, 0.8297449029901977, 0.8026959357723114, 0.819707808315113, 0.8203562382728823, 0.8225950021897593, 0.8232795826850399, 0.818924593669112, 0.826477430200064, 0.8080397536677699, 0.8116655067730976, 0.8232712399575018, 0.8142488310413976, 0.8164123476192515, 0.8303163282332882, 0.8309185338276689, 0.8126350628432407, 0.832297363909342, 0.8439641255204395, 0.8308586965325058, 0.8199395338694254, 0.8149349913802199, 0.8136566762001284, 0.8306217501240392, 0.8206169348891064, 0.812094425001452, 0.8256880807620223, 0.831722181330445, 0.8206832780632921, 0.8128557602564493, 0.8133244770829395, 0.8131314381476371, 0.7956544417206959, 0.8124228664623794, 0.8307067918521102, 0.8155585726102194, 0.8239112579694359, 0.8279426226051905, 0.8225556105695745, 0.8117997088739949, 0.8124424565222955, 0.8292324780136027, 0.8043352141175218, 0.8360049795078975, 0.8196678905076878, 0.8073711600354923, 0.8212692410715164, 0.8193354843765177, 0.8212493933657165, 0.8142628650511464, 0.8241370679229818, 0.8230026043871398, 0.8298487317177557, 0.8165029524475016, 0.8173403413065018, 0.8183629762741828, 0.8142086664835612],