{"result": 0.861230980604887, "train_errors": [1.8245265855584094, 1.0035795941147754, 0.9987230698267618, 0.9883768263683524, 0.9763508727473598, 0.9674427848990246, 0.9734993666730901, 0.9831950132564832, 0.9544740396161233, 0.9696154094511463, 0.9774846466638709, 0.9811664121125334, 0.9948437995808099, 0.9682863117546163, 0.9595463391273252, 0.9555875171897232, 0.9484605661002539, 0.9748588537657132, 0.9758899487474914, 0.9680610036337247, 0.9490545795809838, 0.9697957692607757, 0.9500271280606588, 0.9510124306524953, 0.9321303957252092, 0.9326170638043393, 0.9545950075631501, 0.9535490178292797, 0.9373458079112473, 0.9380638400713602, 0.9500369416770115, 0.936569804786354, 0.9301501967573679, 0.9251233922537937, 0.9270261538925991, 0.9488470733806651, 0.9433135505645506, 0.9389653885236351, 0.9424838577547381, 0.9308274933086929, 0.9247745570316109, 0.9198857488170746, 0.9228450252163795, 0.9415928663746003, 0.9009371290924728, 0.9038981609447028, 0.9065744716634032, 0.9100411777855247, 0.9306829917815423, 0.9274111742614418, 0.9015298287073771, 0.9062383636351554, 0.9132955330674366, 0.9049203299706982, 0.9010549610660922, 0.907880687585441, 0.8970205053206413, 0.9094553320638595, 0.9090288166076906, 0.9030229718454422, 0.8717753060402409, 0.8604381270306085, 0.8654208593471076, 0.8646136413338363, 0.853979391436423, 0.8675558682410948, 0.8634870545838469, 0.8635671016990497, 0.8688682952234822, 0.8566608768637463, 0.8597268654454139, 0.8541096621944059, 0.8618230390292342, 0.851648211479187, 0.8557051715030465, 0.8673254533480572, 0.8524780773347423, 0.8544278106381816, 0.855139910533864, 0.8543021159787332, 0.863556755486355, 0.8579838968092396, 0.858167564997109, 0.8576653445920637, 0.8648883251733678, 0.8498262327204469, 0.8513584380508751, 0.8621954546179823, 0.843861553617703, 0.8547812033725041, 0.8618021517671565, 0.8544852259338543, 0.8496450865140526, 0.8520122260175725, 0.8509575545146901, 0.8526822616977077, 0.8703714090008889, 0.8439032563599207, 0.8465726266625107, 0.8338836264866655, 0.8522023180479644, 0.8463949516255368, 0.8641769610425477, 0.8391439542975477, 0.8536620377212443, 0.856951621911859, 0.843571840434946, 0.8490614237323884, 0.8537150192004378, 0.8654602022581203, 0.8486753452208734, 0.8496073663875621, 0.8558210326779273, 0.8517192499611967, 0.852544806977754, 0.8388275600248768, 0.8383537486035336, 0.8483124913707856, 0.8364272944388851, 0.8513675998615963, 0.8445067424927989, 0.8575457821610153, 0.8485935202208899, 0.8419276463088169, 0.8568285761340972, 0.8491259537717347, 0.8349668755326219, 0.8440313179005858, 0.8482996885494519, 0.8428505409148431, 0.8502685716075282, 0.8324392405889367, 0.8549152189685453, 0.8321416999704094, 0.8415633132380824, 0.8354991885923571, 0.843504023808305, 0.8332920926873402, 0.8516580302228209, 0.8412225259247647, 0.8441913550899874, 0.8327073993221406, 0.8492088772917307, 0.8472689787546793, 0.8529531513490984, 0.8426702964690423, 0.8413488390625165, 0.8423847748387244, 0.8446951771295199, 0.8469228174096795, 0.8435728498684463, 0.8290204642921366, 0.8462656685101089, 0.8420663527263108, 0.8487930784943283, 0.84504045145486, 0.8226013555321642, 0.8424445704747272, 0.839832353976465, 0.8474219165822511, 0.8503747819572367, 0.8345979804633766, 0.8560028800400354, 0.8432004349206084, 0.8425924649802587, 0.8527604796553171, 0.827115959377699, 0.8458236225189701, 0.8387941839874432, 0.8397720533032571, 0.839830869628537, 0.8488772896028334, 0.8274531627214083, 0.8409722114122042, 0.8396531484460318, 0.8340184246340105, 0.8283448334663145, 0.8450399214221586, 0.847133869124997, 0.8352081903847315, 0.8391963288348209, 0.8461999239460114, 0.8299761440164299, 0.840299403795632, 0.8411949885788784, 0.8436470025329179, 0.8373085048890883, 0.8496856368998046, 0.8287825001183377, 0.8512445643383969, 0.8379235966231233, 0.8519823499905166, 0.8265623693825096, 0.8371504782348551, 0.8546634592035766, 0.8478735031620148, 0.8421662699791693, 0.8301848692278708, 0.8415747252843713, 0.8490842702568219, 0.847011193793307, 0.8392189978271403, 0.8367995895365233, 0.8317742937354631, 0.8349795674764982, 0.837044741517754, 0.8338302284158686, 0.8419135667944467, 0.8330393946298988, 0.8558817954473598, 0.8422738537993483, 0.8498391983329608, 0.8372413464771804, 0.8472600938171468, 0.8384743928909302, 0.8364278815125906, 0.8530627700590319, 0.846712504663775, 0.8355391038361416, 0.8222521985730817, 0.8403927792784989, 0.8447571672419066, 0.8344241592191881, 0.833852130879638, 0.830928676230933, 0.830156486521485, 0.8374133975275101, 0.8466005049726014, 0.8245594847586847, 0.8370100368735611, 0.8326952559973604, 0.8308658484489687, 0.8356488673917709, 0.8244574518613917, 0.8408006903945758, 0.839530832664941, 0.8432908743940374, 0.8495914064427857, 0.856643146084201, 0.8441644765997446, 0.8492706001445811, 0.8352036514589863, 0.8466055630355753, 0.8328242372441036, 0.8382655670565944, 0.8447169507703474, 0.8510942189924179, 0.8498174810922274, 0.8460358714544645, 0.8343399609288862, 0.8352296512614015, 0.8191054912023646, 0.8405696948369344, 0.8397514115097702, 0.8426932692527771, 0.8392654343317913, 0.8415050282273241, 0.8313465361954063, 0.8534573175573862, 0.8340172216456424, 0.835791576293207, 0.8320620482967745, 0.8498635330507832, 0.8390935992681852, 0.8420385474799782, 0.8516126223789748, 0.8480776086930306, 0.8354846271135474, 0.8634734108883847, 0.8318771117477006, 0.8512471042653565, 0.8314592190968093, 0.8217234105192205, 0.8473751807725558, 0.8325038135692637, 0.8434073021334987, 0.8272443868780649, 0.8244777796089008, 0.8273331670350926, 0.8472256859143575, 0.8407548525000131, 0.8461399655188283, 0.8394258643991204, 0.8390927128894354, 0.8374837720265953, 0.8419964371188995, 0.8370179303230778, 0.8325971499566109, 0.8352578070855909, 0.8378287361514184, 0.848823715922653, 0.8514708889428005, 0.8446640570958456, 0.8349838429881681, 0.8424690493973352, 0.8416902653632625, 0.8436474710382441, 0.8480495022189233, 0.8479606855300165, 0.8544309792980072],