{"result": 1.0004958845674992, "train_errors": [2.731169553213222, 1.045252767942285, 1.0558053607581763, 1.0404472466438048, 1.0404464794743447, 1.0326635959327861, 1.035585130414655, 1.030213188740515, 1.0286278333715213, 1.0318526170587028, 1.0225018653818356, 1.016266825378582, 1.0203072902976826, 1.033482882284349, 1.0221209263288846, 1.0039146536140031, 1.0027493360222026, 1.0014107708008058, 1.0039116490271784, 1.0022612874225905, 1.0038454635168916, 1.0018018932752712, 1.001053124986669, 1.0025631637983425, 1.0037311943628455, 0.9995758655250714, 1.0014515615278674, 1.0024221456179054, 1.002447566037537, 1.002435468217378, 0.999489470835655, 0.9969716636083459, 0.9974640011787415, 0.996886512925548, 0.9969979236202855, 0.9969229537953612, 0.996128382221345, 0.9984391165036027, 0.9982410855190729, 0.9958951550145303, 0.9973531141076036, 0.9982350122544074, 0.9961209547135138, 0.995580389294573, 0.9964408804011601, 0.996468073578291, 0.9959806575570055, 0.9951855681275809, 0.995351811890961, 0.9963195605944561, 0.9948722002326801], "test_errors": [1.137376293540001, 1.0426567643880844, 1.072579387575388, 1.0711252391338348, 1.081621726974845, 1.019506085664034, 1.0149464923888445, 1.0239265579730272, 1.026939595118165, 1.0144115705043077, 1.0100107826292515, 1.020666942000389, 1.0083003230392933, 1.0137306358665228, 1.0102093107998371, 1.0081346221268177, 1.0114975832402706, 1.0087430961430073, 1.0071423798799515, 1.012270413339138, 1.006479287520051, 1.005741886794567, 1.0060275495052338, 1.0059210248291492, 1.007333293557167, 1.0060788057744503, 1.0061475113034248, 1.0053571499884129, 1.0071216840296984, 1.0047472827136517, 1.0034826938062906, 1.0025547202676535, 1.0024388525635004, 1.0019424688071012, 1.0018225573003292, 1.0015586130321026, 1.001835785806179, 1.001333326101303, 1.00123724155128, 1.0011807028204203, 1.0009198915213346, 1.000769255682826, 1.0006502512842417, 1.000645950436592, 1.0006612073630095, 1.000627726316452, 1.0005596578121185, 1.0005535297095776, 1.000544672831893, 1.0004882775247097, 1.0004958845674992], "task": "classification", "opt": "sgd", "bsz": 16, "epochs": 51, "lr": 0.01, "momentum": 0.9, "lr_decay": 15, "clip_grad": 0.0, "no_cuda": false, "save": "224baseline_alexnet", "weights": "classification_224baseline.pth.tar", "cuda": true}