{"result": 1.1185576971620321, "train_errors": [1.4065318114014083, 1.246427559724418, 1.2940602475597012, 1.2994945837605385, 1.2067733637748226, 1.2128315330833517, 1.125799572595986, 1.1255903795201292, 1.1194552945834335, 1.1624430982015466, 1.093114177385966, 1.104477023565641, 1.1097529934298607, 1.0423791722584796, 1.0492125916224655, 1.0659417125486559, 1.064498120738614, 1.04160967885807, 1.1079409218603564, 1.0937348008155823, 1.0391711733674491, 1.0255956008870115, 1.0498384339835054, 1.0417628038314082, 0.9910137448259579, 0.9908711352655964, 1.0410541347278062, 0.9997475262611143, 0.9680888223391707, 0.9735432126188791, 1.0138694637565202, 1.034998595714569, 0.9972488117474382, 1.0009691734467783, 0.9933470987504528, 0.9913092665774847, 0.994641524489208, 0.9854005914862438, 0.9766709016215417, 0.9870340881809112, 0.959175124604215, 0.9589759188313638, 0.9353096331319501, 0.9464852643269365, 0.9460301277458026, 0.9433594615228714, 0.942310837007338, 0.9454490427047976, 0.9294498280812336, 0.9460335264923752, 0.9310629765192667, 0.9385404452200858, 0.9319414605376541, 0.9316068650573812, 0.9378467971278776, 0.9365821538432952, 0.937809988375633, 0.9361002470857354, 0.9411089394682197, 0.9298239773319613, 0.9336227492619587, 0.9441857850679787, 0.9290747674562598, 0.9384098873343519, 0.9374976664461115, 0.9298183065588757, 0.9371365879171638, 0.9343163992768975, 0.9403238123463046, 0.9417301807352292, 0.9310794177875724, 0.9365810252005055, 0.926859357664662, 0.924269235903217, 0.916080419735242, 0.9352753021383798, 0.9262477992683329, 0.9332686431946293, 0.923555802273494, 0.9329473312183093, 0.9233136516745373, 0.9223308832414688, 0.922521298931491, 0.9253524964855563, 0.9195545655424877, 0.923230730718182, 0.9238541735115872, 0.9209757428015432, 0.9232221572629867, 0.9256992878452424, 0.9176775409329322, 0.922854277395433, 0.9344424701506092, 0.9200595950567594, 0.9221257875042577, 0.9210597603551803, 0.9108720928110102, 0.9177626012473978, 0.9296655597225312, 0.9232215483983358, 0.9124918682600862, 0.9326645648607643, 0.9194566216520084, 0.9167437835406231, 0.9254725581856185, 0.9061953438225613, 0.9160112296381304, 0.9204102773820201, 0.9281346759488506, 0.9304037433798595, 0.9224614558681365, 0.922532965419113, 0.9212229822271614, 0.908905868248273, 0.9259084161891732, 0.9286906251343348, 0.9083953627976038, 0.9257845301781932, 0.9337027322861456, 0.9206330910805733, 0.9211707756083499, 0.9280854739168639, 0.9213666185255973, 0.9169041540033074, 0.9326736741168524, 0.9303748235907606, 0.9199290986984007, 0.9255262619705611, 0.9207345779224109, 0.9348877303061947, 0.9078702356225701, 0.9255682858087684, 0.9316860783484674, 0.9122506662081646, 0.9217429827618343, 0.9249060660280207, 0.9113127608453074, 0.9201335041753708, 0.9165890787237434, 0.914244221743717, 0.9259322022878995, 0.9254795075744711, 0.9279224423952, 0.9189105238965762, 0.9257912674257832, 0.9274460551559284, 0.9382986823717753, 0.9164511272984166, 0.9247670974782718, 0.9239186151053316, 0.9273265029794426, 0.9211037235875283, 0.9202396440249617, 0.9257454667040097, 0.9214905038956673, 0.9323522557494461, 0.9190834331256087, 0.9194951384298263, 0.907110345619981, 0.9146549676054267, 0.9235671072877863, 0.9294816691388366, 0.914590278620361, 0.9311502575874329, 0.9261859341334271, 0.9222082194461617, 0.9167262123477075, 0.9256194637667748, 0.9275803290387635, 0.9220567332800998, 0.9127978900427459, 0.9228055816824718, 0.918100522410485, 0.9125997071625084, 0.9170616954885503, 0.9249190233087027, 0.9308801735601118, 0.9322248357598499, 0.9298819188148745, 0.9358692149962148, 0.9116532770536279, 0.9186998304500374, 0.917806427965882, 0.9278307460969494, 0.9225667433072162, 0.9222796783652357, 0.9249300059451852, 0.918721559868064, 0.9197112808945358, 0.9089573602522573, 0.928070891288019, 0.9355408004535142, 0.9286713625795098, 0.9260001080010527, 0.9233889925864435, 0.9346244033946786, 0.9192010241170083, 0.9284447502064449, 0.9107444241482724, 0.9214577348001541], "test_errors": [1.9636739455163479, 1.1925855446606874, 1.9932945314794779, 1.0237424559891224, 1.55057960934937, 1.3175310753285885, 1.3631580341607332, 1.2771073766052723, 2.231669321656227, 1.236496988683939, 1.1240709349513054, 1.3313620667904615, 1.1997599322348833, 1.7095708064734936, 1.2968668527901173, 1.8052994459867477, 1.346840312704444, 1.3514624778181314, 1.536582252010703, 2.005295980721712, 1.4208614137023687, 1.2182693108916283, 1.6900071166455746, 1.5120320245623589, 1.6607549786567688, 1.184666434302926, 1.817516628652811, 1.1158623211085796, 1.232664892449975, 1.1509824022650719, 1.9994942303746939, 1.3145395088940859, 1.128584686666727, 1.2691888511180878, 1.1426170822232962, 1.2626321464776993, 1.661570232361555, 1.340706456452608, 1.1107630897313356, 1.3144131861627102, 1.2339394018054008, 1.417532118037343, 1.2568306885659695, 1.1459670886397362, 1.0513607058674097, 1.4764936435967684, 1.1278815791010857, 1.0744455717504025, 1.220104444772005, 1.1339398752897978, 1.8552210927009583, 1.136923898011446, 1.3505824264138937, 1.5470657423138618, 1.2287471052259207, 1.266178010031581, 1.110791815444827, 1.1350422743707895, 1.0329195726662874, 1.3818717263638973, 1.07482073828578, 1.1300986222922802, 1.2762709632515907, 1.134782975539565, 1.0494373049587011, 1.0645600259304047, 1.1694080363959074, 1.1220082100480795, 1.1566029693931341, 1.0874785538762808, 1.099798422306776, 1.1404959317296743, 1.1721414625644684, 1.4193179495632648, 1.1296098437160254, 1.3327550999820232, 1.352172253653407, 1.08937375433743, 1.2422446925193071, 1.0227593090385199, 1.5587033871561289, 1.1880722157657146, 1.2904003355652094, 1.1929741986095905, 1.0741610322147608, 1.1927742548286915, 1.1406787931919098, 1.2662951368838549, 1.2099693100899458, 1.2418431006371975, 1.2515742480754852, 1.0974764171987772, 1.2231041714549065, 1.1306260824203491, 1.1618108879774809, 1.3262386322021484, 1.1836354900151491, 1.1648038029670715, 1.2324934266507626, 1.3073172345757484, 1.0806440506130457, 1.2525792606174946, 1.2062295973300934, 1.2873734347522259, 1.1998744364827871, 1.2420292496681213, 1.3305042646825314, 1.1142891850322485, 1.0844030659645796, 1.2371805645525455, 1.2088055275380611, 1.3048538137227297, 1.133336240425706, 1.2429984826594591, 1.2500889617949724, 1.3398092035204172, 1.106669744476676, 1.0834949556738138, 1.0897173881530762, 1.3256695047020912, 1.0470803678035736, 1.11104585416615, 1.328429551795125, 1.1706938538700342, 1.1377042047679424, 1.0698322653770447, 1.3660056255757809, 1.1551336627453566, 1.1093439869582653, 1.0900662541389465, 1.042450901120901, 1.1029903199523687, 1.2423257622867823, 1.1274241991341114, 1.1449453588575125, 1.2061187159270048, 1.2109101731330156, 1.2377865612506866, 1.1249493174254894, 1.2567701246589422, 1.1244698707014322, 1.2688771057873964, 1.3586365692317486, 1.1059991605579853, 1.2931767255067825, 1.4745742715895176, 1.2112671211361885, 1.1990071889013052, 1.1414120458066463, 1.2208574432879686, 1.1527012959122658, 1.1889950465410948, 1.1336084641516209, 1.1635134927928448, 1.0893581081181765, 1.2703022342175245, 1.1727311965078115, 1.1584724336862564, 1.2282696664333344, 1.420484459027648, 1.0960320439189672, 1.1484948005527258, 1.1339615751057863, 1.2011000998318195, 1.2373059932142496, 1.4358091615140438, 1.176843348890543, 1.1475449427962303, 1.0708754304796457, 1.1134847961366177, 1.272775886580348, 1.1054361555725336, 1.115405559539795, 1.1097027361392975, 1.3733713813126087, 1.2281406223773956, 1.1869479641318321, 1.5048786289989948, 1.1043997406959534, 1.4012292716652155, 1.426583731546998, 1.2225443441420794, 1.1799106821417809, 1.0812780130654573, 1.141383958980441, 1.1644462309777737, 1.3118221051990986, 1.0308481622487307, 1.212619936093688, 1.071540119126439, 1.2335594724863768, 1.1569729167968035, 1.2353496067225933, 1.2556849010288715, 1.058896517381072, 1.2509735189378262, 1.1194306649267673, 1.0435059927403927, 1.177249863743782, 1.1185576971620321],