{"result": 0.9783147796988487, "train_errors": [2.3103282143992763, 1.3049538911029857, 1.2172644067836065, 1.1805460209487586, 1.112052015078965, 1.1018138963689086, 1.0680071480812565, 1.0271002150351, 1.0464538592164234, 1.047618019324477, 1.009983048003207, 1.025558417202324, 1.0502902141181372, 0.9978657653254848, 0.9924559118927166, 0.9917950149505369, 0.9955936920258307, 0.966108327270836, 1.0027235099064407, 0.9907912438915621, 0.9908686703251254, 0.979239599679106, 0.958774692909692, 1.0145431987700924, 0.9551501229245175, 0.9690876436489885, 0.9334357739776693, 0.9373811316746538, 0.9435337967770074, 0.9625552155638254, 0.9610316958478702, 0.9277189662379604, 0.9536299724732676, 0.9412025572151266, 0.9277108036061769, 0.9300266677333463, 0.9311474927010075, 0.9346167714365067, 0.9322263136986764, 0.922190627744121, 0.9600979128191548, 0.9384243533175479, 0.9402740950225502, 0.9551836079166781, 0.931825513480812, 0.9490625922397901, 0.929349281454599, 0.9480172440569888, 0.9511505564053854, 0.9343609483011307, 0.9233472116531865, 0.9184531774572147, 0.9265774738404059, 0.9219890108672522, 0.9278377698313806, 0.9138909418095824, 0.9168536977101398, 0.9132801377645103, 0.9114581167056997, 0.8994771735642546, 0.8853325311855603, 0.8579429964865407, 0.8497668870033757, 0.8530910008697099, 0.8519988309952521, 0.870412697715144, 0.8415559549485484, 0.8546006653898506, 0.8547209911448981, 0.8631433312610913, 0.8495660430641585, 0.8638781732128512, 0.8458963049355374, 0.8508859206271427, 0.8441735730376295, 0.8448746627376925, 0.855190214931324, 0.8570181970955223, 0.8447787678369911, 0.855707896653042, 0.8399008538133355, 0.8490591126103555, 0.8425358027540227, 0.8492192779817889, 0.8433689391741188, 0.8523196808753475, 0.8396501707774336, 0.838765352003036, 0.8452140253077272, 0.8484671250466378, 0.8392062020558183, 0.8527654294044741, 0.844201083144834, 0.8479637535669471, 0.8356295157504338, 0.8377065184295819, 0.861185412253103, 0.84136285192223, 0.8291536415776899, 0.8461502194404602, 0.8319959993003517, 0.8345375285353712, 0.8446495468898486, 0.8388719475397499, 0.8354048177760135, 0.8296508160970544, 0.8314399443646913, 0.8341978538420892, 0.8257524922329892, 0.8551454153112186, 0.8366251017457695, 0.8394823856251215, 0.8276985960621988, 0.8402646715923022, 0.8314957964804864, 0.8330651419137114, 0.8342723340116521, 0.8180139135288936, 0.8385529588627559, 0.8304996753251681, 0.8253684736067249, 0.8336043063030448, 0.8112500777808569, 0.8373079601154533, 0.8212986127022774, 0.8385603466341572, 0.8237411655405517, 0.836564366535474, 0.8126755856698559, 0.8222120077379288, 0.8197129349554738, 0.8257330271505541, 0.8256641472539594, 0.817606415799869, 0.822563482869056, 0.821750589596328, 0.8185989728537939, 0.8248653777184025, 0.8080988866026684, 0.8302589731831704, 0.8219221227912492, 0.8240814651212385, 0.8230401091678168, 0.8087643179842221, 0.8246814294527935, 0.8116297260407479, 0.8237631737544973, 0.810942958119095, 0.8466407637442311, 0.8197327717658012, 0.8153252505487011, 0.8364753864144766, 0.8146016834884562, 0.8227033749703438, 0.8109144132624391, 0.8038548436216129, 0.8215447459169614, 0.823999688830427, 0.8152434787442607, 0.8203853112395092, 0.8177610026892795, 0.8186848894242318, 0.8144302509164297, 0.8315082846149322, 0.8180313680761604, 0.8138772249221802, 0.8161113819768352, 0.8245858421889685, 0.8225884411924629, 0.8059960648577701, 0.8117205462148113, 0.8122840632674515, 0.8081771116102895, 0.8125440625734227, 0.8101799000975907, 0.8162134091059366, 0.8194418927674653, 0.8090586040609626, 0.8238965170357817, 0.8196269562167506, 0.8112871140562078, 0.8272782198844417, 0.8087450759385222, 0.8027748830856816, 0.8139518428874272, 0.8126038242411869, 0.832370452983405, 0.8216892743623385, 0.806967697476828, 0.8125507703391455, 0.8233517850598981, 0.8145692624071593, 0.8148566715178951, 0.8083535048269457, 0.8234253718006995, 0.8193027530947039, 0.8154246031597097, 0.8224183141544301, 0.8078709648501489, 0.8192862124853236, 0.8136054924739304, 0.8048247803923905, 0.8122992906519162, 0.8132604084989076, 0.8153682710022054, 0.8098617426810726, 0.8214813470840454, 0.8174793656154346, 0.8240743292275295, 0.8200914539316649, 0.8265321946913197, 0.8044421121638309, 0.8123021933340258, 0.8025401093626535, 0.8112545346701017, 0.819940403584511, 0.8158999659040923, 0.8019224424516002, 0.8088979233977616, 0.820237220615469, 0.8161464666807523, 0.8226067020047095, 0.8245223677286537, 0.8173749286641356, 0.8118966164127472, 0.804062738854398, 0.8234412657317295, 0.823201617246033, 0.8209260714951382, 0.8139037675754999, 0.824075682829785, 0.8216739264867639, 0.8168751930677762, 0.8177770940206384, 0.8212251740117227, 0.823602645627914, 0.8206266369870914, 0.8143732579805518, 0.8295221527417501, 0.8114042057785936, 0.8223707002978171, 0.825653879232304, 0.8229650252608842, 0.8236964838479155, 0.8214717500953264, 0.8113484581311544, 0.832571941678242, 0.80912225092611, 0.8152494597178633, 0.7993219937047651, 0.8252901332352751, 0.7991996234463107, 0.8222884708835233, 0.8429633231573207, 0.8085072322558331, 0.8288257173312608, 0.8066336480520104, 0.8204753744986749, 0.8192106190548148, 0.8138830097772742, 0.822272204583691, 0.8109080426154598, 0.8214496508721383, 0.8301187529358812, 0.8145612747438492, 0.8075973718397079, 0.8140605591958568, 0.8068329570113971, 0.8166554557379856, 0.818736373096384, 0.8124608391074724, 0.8190053611673335, 0.8305225141586796, 0.8402605672036448, 0.8077522657250845, 0.8268082558467824, 0.8175722238838031, 0.7951445425710371, 0.8074116828621075, 0.8105028624175697, 0.8090764527679771, 0.804463703145263, 0.8031858917205564, 0.8157113726421069, 0.8113796005966842, 0.8161375048340008, 0.8072286619934984, 0.819908699681682, 0.8172388653601369, 0.8064028043900767, 0.8140515697899685, 0.814800291612584, 0.8106089093351877, 0.7973747516191134, 0.7958038949197338, 0.8181695072881637, 0.8042384091243949, 0.80624980631695, 0.8183286298987686, 0.8046636594239102],