{"result": 1.0941587667912245, "train_errors": [1.8569999401287367, 1.374866642618692, 1.3166383915050055, 1.140291485094255, 1.1315700482296687, 1.1219442916172806, 1.0936478100797182, 1.0658781663064034, 1.096003811205587, 1.1324760010165553, 1.037572092266493, 1.0725303157683341, 1.0706304401479743, 1.009248019546591, 1.0390388029877857, 1.0331888820535393, 1.0148482675193458, 0.9979544769051254, 1.0341143326092792, 1.0204453904141662, 1.0262781080379282, 0.9951187788799245, 0.9827044727981732, 1.0377598481793557, 0.9775106535162977, 0.9842939665240626, 0.9640460725753538, 0.9686866966626977, 0.9426242484841295, 0.9664829995042534, 0.9698445835421162, 0.9615739673696538, 0.9838120834801787, 0.9751207623430478, 0.9552872174529619, 0.9670256042993197, 0.9480842992823612, 0.9655711394484325, 0.9525897522126475, 0.960526773365595, 0.9355882015279544, 0.9232087981316351, 0.9069177072535279, 0.9093762469548051, 0.8987119146572646, 0.9054752421635454, 0.9101412251431454, 0.917323604706795, 0.8991615945293058, 0.913565392135292, 0.9114379652084843, 0.9097710360762894, 0.905752492848263, 0.9033036648586232, 0.9063724933132049, 0.9087312990619291, 0.893076656967081, 0.897932118626051, 0.8963466498159594, 0.9005361173742561, 0.8935345885574176, 0.9033898570204294, 0.8980347238561158, 0.8857369801049592, 0.9030487191292548, 0.8919154418412075, 0.8906775777057935, 0.9067824886691186, 0.8953523373091092, 0.8832179025937152, 0.8875504732131958, 0.9062219935078775, 0.8808168095927085, 0.8866685974982477, 0.8891009406376911, 0.8895706592067596, 0.8937864495861915, 0.8924124337011768, 0.8796976407368978, 0.8926604954145287, 0.8780799085094083, 0.8832772470289662, 0.8945373610783649, 0.9000805379242025, 0.8789363016364395, 0.8874912819554729, 0.8960783052188094, 0.8814221133467972, 0.8848585319775407, 0.8897197720825031, 0.874818766629824, 0.8796885090489541, 0.8788536793442183, 0.8753984942231127, 0.8935856831971035, 0.8787947925188209, 0.881645341073313, 0.87780164710937, 0.8784494387206211, 0.8829273690459549, 0.8966588807362382, 0.8924755620700057, 0.8808628224557445, 0.8808299892692155, 0.8690797942940907, 0.8705608889620792, 0.8921303966993926, 0.8809990914919044, 0.8779320223357088, 0.8784993893356734, 0.8896054349919801, 0.8907279429897186, 0.8843248364745929, 0.8812655562995583, 0.871803928447026, 0.889361983345401, 0.8756176835747176, 0.8817748331254528, 0.8906509696796376, 0.8901684950756771, 0.8641786953454377, 0.8892415838856851, 0.8767999038901381, 0.8720866134089809, 0.8830189378030838, 0.8691249118056349, 0.8689679170167575, 0.8883199935318321, 0.8813719364904589, 0.8861166546421666, 0.8859383130586276, 0.8761021866593309, 0.8778308431307474, 0.8772132915835227, 0.8813211873013486, 0.8794868069310342, 0.8726885331574307, 0.8684974460191625, 0.8758686133610305, 0.8752104511824987, 0.8825493929206684, 0.8697833367573318, 0.8772795687439621, 0.882078170135457, 0.8847827430694334, 0.8772429554693161, 0.8820303428557611, 0.8682034342519699, 0.8870120195932286, 0.8818790015353951, 0.8722800420176599, 0.8761847326832433, 0.8867816995548946, 0.8808202320529569, 0.8727420876103062, 0.8861016092761871, 0.8851086292215573, 0.87926757976573, 0.8852282108799103, 0.8801178598916659, 0.8854564268101928, 0.8774326949991206, 0.8675689761356641, 0.8906265606162369, 0.8903573847586109, 0.8774424746472348, 0.8768937824874796, 0.8747441576373193, 0.8834765463747004, 0.8787465774884788, 0.8901560832095402, 0.8833730739931906, 0.8820259865894112, 0.8692971397471684, 0.876949865330932, 0.8712699644027218, 0.8827512546252179, 0.8930839242473725, 0.8752590597316783, 0.8799225828980887, 0.8759905272914518, 0.8771154393431961, 0.8805453021039245, 0.8857469968898322, 0.8700587505935341, 0.8638527111340595, 0.8893288380356246, 0.8911946268491847, 0.8799709652059822, 0.891634807150851, 0.8849149314306115, 0.8761426620585944, 0.8911664857659288, 0.8820603361693762, 0.8882358984280658, 0.8915241219664133, 0.87723736416909, 0.8724983321723118, 0.8881263739319258, 0.8773041226530588], "test_errors": [3.683013543486595, 2.8293492440134287, 1.2860321756452322, 1.0110237654298544, 1.1698516122996807, 1.3816357180476189, 1.24009776301682, 1.3000294584780931, 3.994381995871663, 2.6053055934607983, 1.4732661489397287, 1.6677446905523539, 1.8797191642224789, 2.580374425277114, 1.2129540909081697, 1.1502534430474043, 1.1138643398880959, 1.1905150711536407, 1.4554249607026577, 1.705802420154214, 1.270722048357129, 1.2671177666634321, 1.6263857055455446, 1.2526541128754616, 1.5756636206060648, 1.0551232043653727, 2.0284967720508575, 1.0948550794273615, 1.1895576436072588, 1.0224458687007427, 1.2222541254013777, 1.377266850322485, 1.139626557007432, 1.315445214509964, 2.96068062633276, 1.1478123236447573, 1.6565049141645432, 1.9051384907215834, 1.0167845655232668, 1.1648053787648678, 1.8598274141550064, 1.4092241749167442, 1.0466773230582476, 1.2952080704271793, 1.0113150663673878, 0.9886167701333761, 1.5452387426048517, 1.063058452680707, 1.565564000979066, 1.2109149415045977, 1.8514406383037567, 1.291454702615738, 1.172738829627633, 1.711315331980586, 1.34690604172647, 1.5436695665121078, 1.1237736027687788, 1.4437957853078842, 1.3926906418055296, 1.9404078722000122, 1.8736333586275578, 1.0928976442664862, 1.8982760179787874, 1.164845010265708, 1.1937179807573557, 1.148848745971918, 1.0717000849545002, 1.3430900443345308, 0.9666797108948231, 1.2210504822432995, 1.207048511132598, 1.0188237708061934, 1.2732746358960867, 0.987820589914918, 1.0924305077642202, 1.4561160020530224, 1.725837280973792, 1.1803966518491507, 1.5421584192663431, 1.2116761710494757, 2.55184811539948, 1.4313907623291016, 1.657299155369401, 1.170185148715973, 1.641109723597765, 1.6867898907512426, 1.397631898522377, 2.3129619751125574, 1.253557350486517, 1.4685270842164755, 1.6382264532148838, 1.4047945123165846, 1.6756801903247833, 1.1977544128894806, 1.4159566313028336, 1.7007948867976665, 1.3550831321626902, 1.5565555412322283, 1.621024426072836, 1.4458390641957521, 1.3292014580219984, 1.4711702819913626, 1.7180765010416508, 1.710201594978571, 1.6894033402204514, 1.286868305876851, 1.9093019738793373, 1.420506477355957, 1.1269697844982147, 1.2850864473730326, 1.295167813077569, 1.7606183905154467, 1.6975830849260092, 1.6118893548846245, 1.944794399663806, 1.6573439221829176, 1.6897314488887787, 1.1965030059218407, 1.6938278134912252, 1.4244353864341974, 1.3415490817278624, 1.5484903566539288, 1.182244936004281, 1.9733156114816666, 1.3545200191438198, 1.275574130937457, 1.6843031533062458, 1.4972939118742943, 1.3614788223057985, 1.1665073595941067, 1.1779268402606249, 1.547348503023386, 1.4188830964267254, 1.4835233185440302, 1.3772127889096737, 1.278693612664938, 1.8043912407010794, 1.287101686000824, 1.2520385403186083, 1.5815723482519388, 1.3584436438977718, 1.4641756601631641, 1.8986439798027277, 1.400890290737152, 1.6647846437990665, 1.6188251581043005, 1.5351424105465412, 1.9723936077207327, 1.4344920683652163, 1.3622916098684072, 1.3870372418314219, 1.7456828728318214, 1.7180855013430119, 1.6208613906055689, 1.2773587852716446, 1.5008984860032797, 1.4794148970395327, 1.7878113761544228, 2.0153140295296907, 1.8673388436436653, 1.5072996709495783, 1.583976797759533, 1.0375901088118553, 1.4186736419796944, 1.4405742660164833, 1.8787536025047302, 1.500353630632162, 1.268816938623786, 1.3656632620841265, 1.4176058825105429, 1.5127089601010084, 1.8153383061289787, 1.7812238335609436, 1.309290250763297, 1.4739448819309473, 1.2614055778831244, 1.4527409356087446, 1.5004557650536299, 1.262558002024889, 2.1500253044068813, 2.27035166695714, 1.2111775651574135, 1.9092577006667852, 1.1607508342713118, 1.5492530781775713, 1.4686647653579712, 1.4987008329480886, 1.2562552317976952, 1.3418728206306696, 1.1069125197827816, 1.9054806120693684, 1.4770609438419342, 1.4079691767692566, 1.9276845026761293, 1.446982741355896, 1.6562073454260826, 1.5265226494520903, 1.1647932827472687, 1.2413887772709131, 1.0941587667912245],