{"result": 0.9776511751115322, "train_errors": [1.903496140433896, 1.1225799117037045, 1.070623275413308, 1.1198530190734453, 1.0439355963019914, 1.0625133764359258, 1.0101343239507368, 1.0110105865745134, 0.9752096469684314, 0.9653728738907845, 0.9971394320969941, 0.9773320510823239, 0.9964364927302125, 0.954645263251438, 0.9252180335342243, 0.8852091790527425, 0.8773887490713468, 0.8758150922354832, 0.8679166340058849, 0.8672982838846022, 0.8628428559149465, 0.8692753878972863, 0.8564814175328901, 0.8598545116762961, 0.8449135473979417, 0.8527189377815493, 0.8610948029384818, 0.8469405802347327, 0.8623189080146051, 0.8446942734461959, 0.8444235279995908, 0.8402964927816904, 0.8304240037036198, 0.8265274538788744, 0.8219660616690113, 0.8399623606794624, 0.8377290073261466, 0.8329917295004732, 0.8317177129048173, 0.8276639920409008, 0.8311851415582883, 0.81824775280491, 0.8245236200671042, 0.8193455139795939, 0.8267713041715724, 0.8290758690526409, 0.8244108967883612, 0.8223565637424428, 0.8139404680139275, 0.8236864946221792, 0.8245107819957118], "test_errors": [4.827172439545393, 1.1040947809815407, 1.0476382859051228, 1.047322154045105, 2.337533112615347, 1.0627631582319736, 0.9468355756253004, 1.0454421136528254, 0.9792231451719999, 1.7916214354336262, 0.9380058869719505, 1.0340824387967587, 1.051828220486641, 0.9582822751253843, 0.9223907813429832, 0.8802182842046022, 0.8963794894516468, 0.8837456777691841, 0.8772794604301453, 0.9044911880046129, 1.0371355395764112, 0.9640141353011131, 0.8597642481327057, 0.8959871362894773, 0.8949102591723204, 1.0186590887606144, 0.9096393529325724, 0.8953502159565687, 0.8778700064867735, 0.922249922528863, 0.9582426324486732, 0.8934602737426758, 0.9598433431237936, 0.8778897561132908, 0.9898467343300581, 0.9146310035139322, 0.9138604179024696, 0.950060648843646, 0.8976281490176916, 0.893761457875371, 0.9525441098958254, 0.8937367871403694, 0.9013473317027092, 0.8797555230557919, 0.8868620358407497, 0.8729785569012165, 0.9012145809829235, 0.9481195081025362, 0.9248160235583782, 0.9240073505789042, 0.9776511751115322], "task": "classification", "opt": "sgd", "bsz": 16, "epochs": 51, "lr": 0.01, "momentum": 0.9, "lr_decay": 15, "clip_grad": 0.0, "no_cuda": false, "save": "224baseline_resnet34", "weights": "classification_224baseline.pth.tar", "cuda": true}