{"result": 1.0601925700902939, "train_errors": [2.9097220737447023, 1.1670100605616005, 1.1856690875945552, 1.1825094126885938, 1.1654999063860985, 1.1081903724260227, 1.1502950723453234, 1.0605937120735005, 1.0691434273155787, 1.0494166798489069, 1.0531919713943236, 1.073202460042892, 1.1064704938601422, 1.020573474386687, 1.0250567864346247, 1.0142132530930221, 1.0208433725500619, 0.9909154093393715, 1.0002773391303195, 0.9971933730186955, 1.0116549736710005, 0.9866326938393295, 0.9789699937707634, 1.0234090564071492, 0.9845160367668316, 0.9961009179392168, 0.970374285533864, 0.9725020316339308, 0.959584758486799, 0.9822690583044483, 0.9688801259122869, 0.9717726944595255, 0.9760685364405314, 0.9540568795255435, 0.9575736439356239, 0.9668379361911487, 0.9532297362563431, 0.9837322709380939, 0.9561480117100541, 0.9439417277612994, 0.9523675980106476, 0.9311336477597555, 0.916465590717972, 0.939245436140286, 0.9164326588312784, 0.9270792283037658, 0.9237629117504242, 0.9164835611979166, 0.9146934055512951, 0.9162972293874269, 0.9160725314130065, 0.9115985330714974, 0.9173876572680729, 0.9133889079093933, 0.9111118970378753, 0.9086550339575736, 0.9288937866046865, 0.9090955808598508, 0.910131109658108, 0.9095011045855861, 0.9026865292620915, 0.9099956725233345, 0.9065082752576439, 0.9041457054435565, 0.9088543884215816, 0.9110661604071176, 0.9049639432660995, 0.9048183759053549, 0.9013150020312237, 0.9052884123658621, 0.8967791968776334, 0.9117120626152203, 0.9054135244379762, 0.8967537521034159, 0.8964561659802672, 0.9077422766275304, 0.9074644523282205, 0.9001108061882758, 0.8980184838336002, 0.9051762646244418, 0.8926475272383741, 0.886965536943046, 0.9035100610025467, 0.9049653058410972, 0.893639672827977, 0.8952814455955259, 0.8891420325925273, 0.8978890866361638, 0.8958353310502986, 0.8905949675908653, 0.900799419290276, 0.883148112604695, 0.8897261478567636, 0.8885889232799571, 0.8869323185695115, 0.9058313844024494, 0.8912667459057223, 0.891300678894084, 0.8981958973792291, 0.8898350961746708, 0.8952804483393187, 0.8964208108122631, 0.8820783451039304, 0.8863792714252267, 0.889915777790931, 0.8914815148999614, 0.899909520021049, 0.880965034807882, 0.8982746870287003, 0.896460182564233, 0.9063112043565319, 0.9069029240198033, 0.8891183945440477, 0.8771268103712349, 0.8840395128855141, 0.8884527324348368, 0.8874743189862979, 0.8971591976381117, 0.9042457899739665, 0.8887286891219437, 0.8876967539069474, 0.8873639689978733, 0.8898784883560673, 0.8926820120503826, 0.8998236733098184, 0.8963364529353316, 0.8830172060638346, 0.8973276345960556, 0.8814259549622895, 0.8891232250839152, 0.8860436415159574, 0.8922978267874769, 0.8838678790676978, 0.8805935562297862, 0.8922191563472953, 0.8976590428301083, 0.8887432416280111, 0.8903502834740505, 0.890412672232556, 0.894590683521763, 0.8877242066526926, 0.8923895717948995, 0.8932442184417478, 0.8916677915921776, 0.8942856750180644, 0.8899320030725131, 0.8935751056158414, 0.8990680357461335, 0.8842745506635277, 0.8903170349777386, 0.8805333215703246, 0.89744000088784, 0.8895365762454207, 0.8919987601618613, 0.8882629435549501, 0.8973287029932904, 0.8967826436924679, 0.8920111701052676, 0.8922021658189835, 0.8893395111125003, 0.8838318804258941, 0.884743070730599, 0.8830200991322917, 0.8844236776392947, 0.8869025566244638, 0.8843152208994793, 0.8764780106083039, 0.8930465027850162, 0.8904130144785809, 0.8888977336627181, 0.8883967655961231, 0.8983658359896752, 0.8908362824429747, 0.8927921005474624, 0.8913609526490652, 0.8882308057559434, 0.8944910604466674, 0.8806374169165089, 0.8914609577066155, 0.8869598463017453, 0.8799910436394394, 0.8867580634291454, 0.8938449864746422, 0.8940587274489864, 0.8905814347728607, 0.884263866050269, 0.8926671922847789, 0.8951988329169571, 0.8902871410051981, 0.8938442404552173, 0.8892859002595307, 0.8978753173223106, 0.909312431530286, 0.8844806109705279, 0.8925954981516766, 0.8972791881971461, 0.8828187751513655, 0.9089306189167884, 0.8892974808651913, 0.8930014423144761], "test_errors": [4.937460137531161, 1.3276619352400303, 1.7752396892756224, 1.4583914801478386, 2.7246742360293865, 2.2032928932458162, 3.393667556345463, 1.5136147923767567, 1.0523903500288725, 1.5823021735996008, 1.7290987130254507, 1.8666305225342512, 1.2639587223529816, 1.1554050743579865, 1.398554841056466, 1.206201184540987, 1.105962259694934, 1.606761721894145, 1.0739968158304691, 1.30482273735106, 1.1384126860648394, 1.0616545267403126, 1.0169249679893255, 1.4114256631582975, 1.4797863457351923, 1.070059061050415, 1.885258162394166, 0.9615947436541319, 0.9703532084822655, 1.047673538327217, 1.062483398243785, 1.2930971179157495, 0.9972374439239502, 1.1586507372558117, 1.2671855818480253, 0.960209995508194, 1.0543281510472298, 1.2711536921560764, 1.1088051609694958, 2.338589111343026, 1.0419082399457693, 1.0778366196900606, 1.0749207139015198, 1.0055340975522995, 1.044403214007616, 0.9715059585869312, 1.0230806320905685, 1.03218456171453, 0.9978517759591341, 1.047433614730835, 1.1082764361053705, 1.0188853703439236, 1.0515195243060589, 1.2419722378253937, 0.9765078835189342, 1.0393569711595774, 1.068908590823412, 0.9592157043516636, 0.9501800313591957, 1.072069814428687, 0.9804497919976711, 1.043188139796257, 0.9710222501307726, 0.9259780198335648, 0.899033147841692, 1.035550817847252, 0.9022881910204887, 0.9620321299880743, 0.9670658335089684, 0.9542695116251707, 1.0049127638339996, 0.9325045756995678, 1.043782189488411, 0.9596584979444742, 0.9098851326853037, 0.9669514317065477, 1.101071136072278, 1.2116035241633654, 1.1293587889522314, 1.1194893140345812, 1.153442855924368, 1.075492488220334, 1.1821459084749222, 1.067485174164176, 0.9495607018470764, 1.0499875955283642, 1.1345258224755526, 1.2105865739285946, 1.117681248113513, 1.1475191079080105, 1.030619328841567, 0.9477703794836998, 1.2266288809478283, 1.0852615889161825, 1.102310998365283, 1.0986839979887009, 1.2476907670497894, 1.018622225150466, 1.1579491645097733, 1.10969839990139, 1.1173483654856682, 1.012385692447424, 0.9889159761369228, 1.1606303919106722, 1.344526557251811, 1.0520908832550049, 1.0417704675346613, 1.0593399405479431, 1.0318468157202005, 0.9655767548829317, 1.1753942929208279, 1.0540509056299925, 0.9666380826383829, 1.0060894396156073, 1.037615891546011, 0.9820837769657373, 0.9842546544969082, 0.927771782502532, 0.9993235412985086, 1.2200363669544458, 1.0787632297724485, 1.002963900566101, 1.0457100551575422, 1.2587690576910973, 1.0264359340071678, 1.1763215828686953, 1.0054068509489298, 1.0778378639370203, 1.0375478230416775, 1.001358050853014, 0.9511793870478868, 1.0554522182792425, 1.0004835911095142, 0.9722592402249575, 1.0435416512191296, 0.9324346203356981, 1.0279079414904118, 0.9618920627981424, 1.0674756150692701, 0.963970959186554, 1.2694731932133436, 1.1839055269956589, 1.0605962220579386, 0.9691748321056366, 1.244081599637866, 1.0244387537240982, 0.9532567448914051, 1.0890436191111803, 1.1818997003138065, 1.1438149232417345, 1.009287565946579, 1.0340106505900621, 1.0283268019557, 1.0043208878487349, 1.0321834404021502, 0.9959806818515062, 1.138379916548729, 1.0452895425260067, 1.4326992370188236, 1.1164309587329626, 1.2871698644012213, 1.2261675391346216, 1.0193601455539465, 1.061416370794177, 0.9591190870851278, 1.1046312265098095, 1.0462853573262691, 1.1118006017059088, 1.0213207472115755, 1.121261091902852, 1.0938369296491146, 1.0453616455197334, 1.0425150785595179, 1.2051374111324549, 1.2969185896217823, 1.0627166666090488, 1.1095096431672573, 1.1885762605816126, 1.1685036588460207, 1.2375115063041449, 1.4094063267111778, 0.9915997758507729, 0.9917068593204021, 1.0626656077802181, 1.1990447789430618, 1.4502788912504911, 1.093506021425128, 1.1186309792101383, 1.2423342354595661, 0.9879351668059826, 1.1844729259610176, 1.052805807441473, 1.1115175653249025, 1.0159516893327236, 1.396283283829689, 0.9306283965706825, 1.0873842854052782, 1.1727476343512535, 1.144853925332427, 1.0601925700902939],