{"result": 0.8695493843406439, "train_errors": [1.5499180702752964, 1.1523640546747433, 1.084371204017311, 1.054815198144605, 1.0159962914323295, 1.0818173834072646, 1.0326822912821205, 1.0105107471507082, 0.9899026129835395, 0.9886321431847029, 1.026228424682412, 0.9767328917339284, 1.0224721149731708, 0.9921833840749597, 0.977713640018176, 0.9806852174061601, 0.9511722749279391, 0.9719618526838159, 0.9884300648525197, 0.9571171813113715, 0.9482858033590419, 0.9626839244237511, 0.9615867125090732, 0.9461808480242248, 0.9350505157183575, 0.9281277784737207, 0.9374364210713294, 0.9356540422285756, 0.9539744238699636, 0.9289094260943833, 0.9449271213623786, 0.9305772204552928, 0.9297541668338161, 0.9376229733549138, 0.9282013568826901, 0.9322699680123278, 0.9347466377801793, 0.9079192793497475, 0.9230991243034281, 0.9215751373639671, 0.8752683721562867, 0.8697957364461755, 0.8672770774492653, 0.8632546285147308, 0.8663485171974347, 0.8660287158463591, 0.8786673661201231, 0.8400522605065377, 0.8550886101620172, 0.8534879569084414, 0.8460276133270674, 0.8597301904873181, 0.8587861214914629, 0.8600701394901481, 0.8454244764902259, 0.8461554742628529, 0.8520784410097266, 0.8669572113662638, 0.8654531746782282, 0.8566707994348259, 0.8545228306965161, 0.8458822036302218, 0.8467455672961409, 0.8546272035567991, 0.8386003682690282, 0.8521028789140845, 0.8367553577628187, 0.8508832473908702, 0.8341256450581295, 0.8347553213437399, 0.8394820888837179, 0.8279366916225802, 0.8361145360495454, 0.8456927255917621, 0.8520602205748199, 0.8395800180332635, 0.8487569247522662, 0.8353921649276569, 0.8371446606933429, 0.8466801053734236, 0.8388768434524536, 0.8278284675331526, 0.8344573795154531, 0.8333978710636016, 0.8216164442159797, 0.8339182349943346, 0.8192017841082747, 0.8211866424929711, 0.8238774557267466, 0.8224826416661662, 0.8395856964972711, 0.8344191722972418, 0.8159160255103983, 0.8135907367993427, 0.8187964949556576, 0.8358307461584767, 0.8303441719342304, 0.8217661803768527, 0.8201120623978235, 0.8204250367738868, 0.8310919198938596, 0.8352284566048653, 0.8264708442072715, 0.8176471507677467, 0.8310537825348556, 0.8417457117829271, 0.8283818876871498, 0.8401609466921899, 0.8079128002607694, 0.8247978706513682, 0.8255337540821363, 0.8141617268644353, 0.8292920313855653, 0.8027951403330731, 0.8322957587498491, 0.8296367987509696, 0.8371223583016344, 0.8308301234758029, 0.8200274635386723, 0.8328365401555133, 0.8181018399935897, 0.813799153092087, 0.8238429324601286, 0.8166312831704334, 0.8244418066035035, 0.8264810423697194, 0.8175499452057705, 0.8161683729899827, 0.8323600407569639, 0.8178944504389198, 0.8249488716484398, 0.8317999121963336, 0.8394676174527855, 0.8267099267692977, 0.8381659260360144, 0.8263953943406382, 0.8357066037834332, 0.8236072550537765, 0.8342227442290193, 0.8234500513281874, 0.8294301302202286, 0.8237259561015714, 0.8303304096703888, 0.8220556339909953, 0.8315552831977926, 0.8469803108963915, 0.8289821763192454, 0.8214327680167332, 0.8106493840935409, 0.8295977500177198, 0.8227385724744489, 0.8182547688484192, 0.8248508752033274, 0.8238821683391448, 0.8116983829006073, 0.8169575698914067, 0.824781310173773, 0.8237252382821935, 0.814690330977081, 0.8224399455132023, 0.8134372740663508, 0.8345242424677777, 0.8258830270459575, 0.8284287382197636, 0.8398927546316578, 0.8267564504377304, 0.8139231467759738, 0.8196008622005422, 0.8169279104919844, 0.8097396595503694, 0.8247978277103876, 0.8271383796968768, 0.8098159643911547, 0.8182829291589798, 0.8216445176832138, 0.8170263664696806, 0.8202779421242334, 0.8369207503975079, 0.8186960694610431, 0.8291815974379099, 0.8233612577120463, 0.8162495378525026, 0.8230225783522411, 0.8310316858753082, 0.8265097641175793, 0.8222552448190669, 0.8339409206503181, 0.8339504458570993, 0.8082314550235707, 0.8203426894321236, 0.813216479234798, 0.8270433968113314, 0.8070341912649011, 0.8340788252892033, 0.8392305803555314, 0.8191691105083753, 0.8097536621555206, 0.8274893504317089, 0.8169968846023724, 0.8194897258153526],