{"result": 0.9038609862327576, "train_errors": [1.6481348718366315, 1.1134963304765764, 1.0824950978320131, 1.06808877055363, 1.0387766681691653, 1.0142110445166146, 0.9856397317301843, 1.0137105462371663, 0.9893747106675179, 0.9765184387083976, 0.9976960029653323, 0.985998983024269, 1.0088888054252954, 0.9696734554024153, 0.9482596465336379, 0.923341610739308, 0.9118135065160772, 0.9188720109642193, 0.9185211075249539, 0.9082868554258859, 0.9073090559692794, 0.9135779065470542, 0.9052844335955958, 0.9237199073196739, 0.9108907913648954, 0.9187020845310663, 0.9130601274069919, 0.9040078828411717, 0.9236592259458316, 0.9000476707694351, 0.9024596989795726, 0.9039082969388654, 0.9004284438266549, 0.8846508264541626, 0.8907886788409244, 0.90098129036606, 0.8971467178354982, 0.9099288332846857, 0.9036982700388919, 0.8923041346252606, 0.8914778315892784, 0.8914536660717379, 0.8874798314545744, 0.8948099299143719, 0.884215195332804, 0.8981757631865881, 0.8930163498847715, 0.896611701416713, 0.8842454629559671, 0.8850807944933573, 0.8995335614809425], "test_errors": [1.0759018957614899, 1.2002758868038654, 1.2424203883856535, 1.0638369470834732, 1.4571463074535131, 0.9985229950398207, 1.0483098290860653, 1.1273207068443298, 1.4027892090380192, 0.9654913619160652, 0.9029854778200388, 1.0264514368027449, 1.1465588845312595, 0.9591768831014633, 0.9716214835643768, 0.9813942834734917, 0.9747401513159275, 0.9086015205830336, 0.8871679827570915, 0.9116107989102602, 0.8717652671039104, 0.9456855244934559, 0.8601046111434698, 0.9025302305817604, 0.9033575914800167, 1.098464373499155, 0.8985895793884993, 0.8812290709465742, 0.919956324622035, 0.9396818354725838, 0.946865614503622, 0.940507348626852, 0.9094249252229929, 0.9020421579480171, 0.9520676899701357, 0.9394287876784801, 0.9479985311627388, 0.9291310980916023, 0.9041808750480413, 0.9987515676766634, 0.9021950289607048, 0.919795036315918, 0.9719220250844955, 1.016947029158473, 0.8957283012568951, 0.9018492922186852, 0.9107432290911674, 0.8979704231023788, 0.9616363048553467, 0.9775410108268261, 0.9038609862327576], "task": "classification", "opt": "sgd", "bsz": 16, "epochs": 51, "lr": 0.01, "momentum": 0.9, "lr_decay": 15, "clip_grad": 0.0, "no_cuda": false, "save": "dev", "weights": "classification_224baseline.pth.tar", "cuda": true}